cell_line	agent	perturbation	replicate	time	concentration	cell_count	cell_count__ctrl	cell_count__time0
MCF10A	drugA	0	1	48	0.001	1131	1212.5	299.5
MCF10A	drugA	0	1	48	0.003162	1205	1212.5	299.5
MCF10A	drugA	0	1	48	0.01	1021	1212.5	299.5
MCF10A	drugA	0	1	48	0.03162	743	1212.5	299.5
MCF10A	drugA	0	1	48	0.1	459	1212.5	299.5
MCF10A	drugA	0	1	48	0.3162	318	1212.5	299.5
MCF10A	drugA	0	1	48	1	284	1212.5	299.5
MCF10A	drugA	0	1	48	3.162	274	1212.5	299.5
MCF10A	drugA	0	1	48	10	249	1212.5	299.5
MCF10A	drugB	0	1	48	0.001	1088	1212.5	299.5
MCF10A	drugB	0	1	48	0.003162	1215	1212.5	299.5
MCF10A	drugB	0	1	48	0.01	1227	1212.5	299.5
MCF10A	drugB	0	1	48	0.03162	1075	1212.5	299.5
MCF10A	drugB	0	1	48	0.1	1125	1212.5	299.5
MCF10A	drugB	0	1	48	0.3162	967	1212.5	299.5
MCF10A	drugB	0	1	48	1	766	1212.5	299.5
MCF10A	drugB	0	1	48	3.162	531	1212.5	299.5
MCF10A	drugB	0	1	48	10	322	1212.5	299.5
MCF10A	drugC	0	1	48	0.001	1118	1212.5	299.5
MCF10A	drugC	0	1	48	0.003162	1187	1212.5	299.5
MCF10A	drugC	0	1	48	0.01	1199	1212.5	299.5
MCF10A	drugC	0	1	48	0.03162	1257	1212.5	299.5
MCF10A	drugC	0	1	48	0.1	1087	1212.5	299.5
MCF10A	drugC	0	1	48	0.3162	1049	1212.5	299.5
MCF10A	drugC	0	1	48	1	793	1212.5	299.5
MCF10A	drugC	0	1	48	3.162	488	1212.5	299.5
MCF10A	drugC	0	1	48	10	409	1212.5	299.5
MCF10A	drugD	0	1	48	0.001	1172	1212.5	299.5
MCF10A	drugD	0	1	48	0.003162	1146	1212.5	299.5
MCF10A	drugD	0	1	48	0.01	1115	1212.5	299.5
MCF10A	drugD	0	1	48	0.03162	971	1212.5	299.5
MCF10A	drugD	0	1	48	0.1	817	1212.5	299.5
MCF10A	drugD	0	1	48	0.3162	656	1212.5	299.5
MCF10A	drugD	0	1	48	1	651	1212.5	299.5
MCF10A	drugD	0	1	48	3.162	616	1212.5	299.5
MCF10A	drugD	0	1	48	10	577	1212.5	299.5
MCF10A	drugA	0	2	48	0.001	1301	1168.25	299.5
MCF10A	drugA	0	2	48	0.003162	1038	1168.25	299.5
MCF10A	drugA	0	2	48	0.01	928	1168.25	299.5
MCF10A	drugA	0	2	48	0.03162	706	1168.25	299.5
MCF10A	drugA	0	2	48	0.1	479	1168.25	299.5
MCF10A	drugA	0	2	48	0.3162	342	1168.25	299.5
MCF10A	drugA	0	2	48	1	294	1168.25	299.5
MCF10A	drugA	0	2	48	3.162	264	1168.25	299.5
MCF10A	drugA	0	2	48	10	288	1168.25	299.5
MCF10A	drugB	0	2	48	0.001	1114	1168.25	299.5
MCF10A	drugB	0	2	48	0.003162	1154	1168.25	299.5
MCF10A	drugB	0	2	48	0.01	1239	1168.25	299.5
MCF10A	drugB	0	2	48	0.03162	1189	1168.25	299.5
MCF10A	drugB	0	2	48	0.1	1086	1168.25	299.5
MCF10A	drugB	0	2	48	0.3162	1111	1168.25	299.5
MCF10A	drugB	0	2	48	1	852	1168.25	299.5
MCF10A	drugB	0	2	48	3.162	469	1168.25	299.5
MCF10A	drugB	0	2	48	10	339	1168.25	299.5
MCF10A	drugC	0	2	48	0.001	1135	1168.25	299.5
MCF10A	drugC	0	2	48	0.003162	1284	1168.25	299.5
MCF10A	drugC	0	2	48	0.01	1150	1168.25	299.5
MCF10A	drugC	0	2	48	0.03162	1094	1168.25	299.5
MCF10A	drugC	0	2	48	0.1	1255	1168.25	299.5
MCF10A	drugC	0	2	48	0.3162	1107	1168.25	299.5
MCF10A	drugC	0	2	48	1	695	1168.25	299.5
MCF10A	drugC	0	2	48	3.162	487	1168.25	299.5
MCF10A	drugC	0	2	48	10	441	1168.25	299.5
MCF10A	drugD	0	2	48	0.001	1177	1168.25	299.5
MCF10A	drugD	0	2	48	0.003162	1119	1168.25	299.5
MCF10A	drugD	0	2	48	0.01	1235	1168.25	299.5
MCF10A	drugD	0	2	48	0.03162	1017	1168.25	299.5
MCF10A	drugD	0	2	48	0.1	763	1168.25	299.5
MCF10A	drugD	0	2	48	0.3162	608	1168.25	299.5
MCF10A	drugD	0	2	48	1	663	1168.25	299.5
MCF10A	drugD	0	2	48	3.162	636	1168.25	299.5
MCF10A	drugD	0	2	48	10	652	1168.25	299.5
MCF10A	drugA	0	1	72	0.001	2158	2350.75	299.5
MCF10A	drugA	0	1	72	0.003162	2258	2350.75	299.5
MCF10A	drugA	0	1	72	0.01	1851	2350.75	299.5
MCF10A	drugA	0	1	72	0.03162	1373	2350.75	299.5
MCF10A	drugA	0	1	72	0.1	723	2350.75	299.5
MCF10A	drugA	0	1	72	0.3162	358	2350.75	299.5
MCF10A	drugA	0	1	72	1	301	2350.75	299.5
MCF10A	drugA	0	1	72	3.162	286	2350.75	299.5
MCF10A	drugA	0	1	72	10	258	2350.75	299.5
MCF10A	drugB	0	1	72	0.001	2378	2350.75	299.5
MCF10A	drugB	0	1	72	0.003162	2525	2350.75	299.5
MCF10A	drugB	0	1	72	0.01	2330	2350.75	299.5
MCF10A	drugB	0	1	72	0.03162	2378	2350.75	299.5
MCF10A	drugB	0	1	72	0.1	2394	2350.75	299.5
MCF10A	drugB	0	1	72	0.3162	1992	2350.75	299.5
MCF10A	drugB	0	1	72	1	1524	2350.75	299.5
MCF10A	drugB	0	1	72	3.162	857	2350.75	299.5
MCF10A	drugB	0	1	72	10	434	2350.75	299.5
MCF10A	drugC	0	1	72	0.001	2292	2350.75	299.5
MCF10A	drugC	0	1	72	0.003162	2508	2350.75	299.5
MCF10A	drugC	0	1	72	0.01	2343	2350.75	299.5
MCF10A	drugC	0	1	72	0.03162	2407	2350.75	299.5
MCF10A	drugC	0	1	72	0.1	2445	2350.75	299.5
MCF10A	drugC	0	1	72	0.3162	2426	2350.75	299.5
MCF10A	drugC	0	1	72	1	1277	2350.75	299.5
MCF10A	drugC	0	1	72	3.162	587	2350.75	299.5
MCF10A	drugC	0	1	72	10	519	2350.75	299.5
MCF10A	drugD	0	1	72	0.001	2264	2350.75	299.5
MCF10A	drugD	0	1	72	0.003162	2409	2350.75	299.5
MCF10A	drugD	0	1	72	0.01	2458	2350.75	299.5
MCF10A	drugD	0	1	72	0.03162	2260	2350.75	299.5
MCF10A	drugD	0	1	72	0.1	1269	2350.75	299.5
MCF10A	drugD	0	1	72	0.3162	1002	2350.75	299.5
MCF10A	drugD	0	1	72	1	862	2350.75	299.5
MCF10A	drugD	0	1	72	3.162	837	2350.75	299.5
MCF10A	drugD	0	1	72	10	935	2350.75	299.5
MCF10A	drugA	0	2	72	0.001	2396	2408.5	299.5
MCF10A	drugA	0	2	72	0.003162	2162	2408.5	299.5
MCF10A	drugA	0	2	72	0.01	1799	2408.5	299.5
MCF10A	drugA	0	2	72	0.03162	1329	2408.5	299.5
MCF10A	drugA	0	2	72	0.1	713	2408.5	299.5
MCF10A	drugA	0	2	72	0.3162	397	2408.5	299.5
MCF10A	drugA	0	2	72	1	274	2408.5	299.5
MCF10A	drugA	0	2	72	3.162	247	2408.5	299.5
MCF10A	drugA	0	2	72	10	235	2408.5	299.5
MCF10A	drugB	0	2	72	0.001	2381	2408.5	299.5
MCF10A	drugB	0	2	72	0.003162	2521	2408.5	299.5
MCF10A	drugB	0	2	72	0.01	2350	2408.5	299.5
MCF10A	drugB	0	2	72	0.03162	2592	2408.5	299.5
MCF10A	drugB	0	2	72	0.1	2127	2408.5	299.5
MCF10A	drugB	0	2	72	0.3162	2037	2408.5	299.5
MCF10A	drugB	0	2	72	1	1492	2408.5	299.5
MCF10A	drugB	0	2	72	3.162	852	2408.5	299.5
MCF10A	drugB	0	2	72	10	435	2408.5	299.5
MCF10A	drugC	0	2	72	0.001	2329	2408.5	299.5
MCF10A	drugC	0	2	72	0.003162	2579	2408.5	299.5
MCF10A	drugC	0	2	72	0.01	2391	2408.5	299.5
MCF10A	drugC	0	2	72	0.03162	2364	2408.5	299.5
MCF10A	drugC	0	2	72	0.1	2560	2408.5	299.5
MCF10A	drugC	0	2	72	0.3162	2422	2408.5	299.5
MCF10A	drugC	0	2	72	1	1442	2408.5	299.5
MCF10A	drugC	0	2	72	3.162	620	2408.5	299.5
MCF10A	drugC	0	2	72	10	520	2408.5	299.5
MCF10A	drugD	0	2	72	0.001	2447	2408.5	299.5
MCF10A	drugD	0	2	72	0.003162	2350	2408.5	299.5
MCF10A	drugD	0	2	72	0.01	2209	2408.5	299.5
MCF10A	drugD	0	2	72	0.03162	2113	2408.5	299.5
MCF10A	drugD	0	2	72	0.1	1322	2408.5	299.5
MCF10A	drugD	0	2	72	0.3162	997	2408.5	299.5
MCF10A	drugD	0	2	72	1	923	2408.5	299.5
MCF10A	drugD	0	2	72	3.162	926	2408.5	299.5
MCF10A	drugD	0	2	72	10	959	2408.5	299.5
MCF10A	drugA	1	1	48	0.001	717	811.75	302.5
MCF10A	drugA	1	1	48	0.003162	730	811.75	302.5
MCF10A	drugA	1	1	48	0.01	639	811.75	302.5
MCF10A	drugA	1	1	48	0.03162	555	811.75	302.5
MCF10A	drugA	1	1	48	0.1	364	811.75	302.5
MCF10A	drugA	1	1	48	0.3162	310	811.75	302.5
MCF10A	drugA	1	1	48	1	308	811.75	302.5
MCF10A	drugA	1	1	48	3.162	306	811.75	302.5
MCF10A	drugA	1	1	48	10	255	811.75	302.5
MCF10A	drugB	1	1	48	0.001	725	811.75	302.5
MCF10A	drugB	1	1	48	0.003162	751	811.75	302.5
MCF10A	drugB	1	1	48	0.01	794	811.75	302.5
MCF10A	drugB	1	1	48	0.03162	759	811.75	302.5
MCF10A	drugB	1	1	48	0.1	805	811.75	302.5
MCF10A	drugB	1	1	48	0.3162	709	811.75	302.5
MCF10A	drugB	1	1	48	1	587	811.75	302.5
MCF10A	drugB	1	1	48	3.162	447	811.75	302.5
MCF10A	drugB	1	1	48	10	300	811.75	302.5
MCF10A	drugC	1	1	48	0.001	865	811.75	302.5
MCF10A	drugC	1	1	48	0.003162	740	811.75	302.5
MCF10A	drugC	1	1	48	0.01	818	811.75	302.5
MCF10A	drugC	1	1	48	0.03162	725	811.75	302.5
MCF10A	drugC	1	1	48	0.1	748	811.75	302.5
MCF10A	drugC	1	1	48	0.3162	729	811.75	302.5
MCF10A	drugC	1	1	48	1	557	811.75	302.5
MCF10A	drugC	1	1	48	3.162	428	811.75	302.5
MCF10A	drugC	1	1	48	10	436	811.75	302.5
MCF10A	drugD	1	1	48	0.001	816	811.75	302.5
MCF10A	drugD	1	1	48	0.003162	809	811.75	302.5
MCF10A	drugD	1	1	48	0.01	797	811.75	302.5
MCF10A	drugD	1	1	48	0.03162	747	811.75	302.5
MCF10A	drugD	1	1	48	0.1	592	811.75	302.5
MCF10A	drugD	1	1	48	0.3162	510	811.75	302.5
MCF10A	drugD	1	1	48	1	500	811.75	302.5
MCF10A	drugD	1	1	48	3.162	545	811.75	302.5
MCF10A	drugD	1	1	48	10	547	811.75	302.5
MCF10A	drugA	1	2	48	0.001	766	796.25	302.5
MCF10A	drugA	1	2	48	0.003162	729	796.25	302.5
MCF10A	drugA	1	2	48	0.01	679	796.25	302.5
MCF10A	drugA	1	2	48	0.03162	545	796.25	302.5
MCF10A	drugA	1	2	48	0.1	394	796.25	302.5
MCF10A	drugA	1	2	48	0.3162	340	796.25	302.5
MCF10A	drugA	1	2	48	1	295	796.25	302.5
MCF10A	drugA	1	2	48	3.162	291	796.25	302.5
MCF10A	drugA	1	2	48	10	265	796.25	302.5
MCF10A	drugB	1	2	48	0.001	799	796.25	302.5
MCF10A	drugB	1	2	48	0.003162	772	796.25	302.5
MCF10A	drugB	1	2	48	0.01	810	796.25	302.5
MCF10A	drugB	1	2	48	0.03162	767	796.25	302.5
MCF10A	drugB	1	2	48	0.1	720	796.25	302.5
MCF10A	drugB	1	2	48	0.3162	703	796.25	302.5
MCF10A	drugB	1	2	48	1	559	796.25	302.5
MCF10A	drugB	1	2	48	3.162	403	796.25	302.5
MCF10A	drugB	1	2	48	10	288	796.25	302.5
MCF10A	drugC	1	2	48	0.001	863	796.25	302.5
MCF10A	drugC	1	2	48	0.003162	824	796.25	302.5
MCF10A	drugC	1	2	48	0.01	785	796.25	302.5
MCF10A	drugC	1	2	48	0.03162	771	796.25	302.5
MCF10A	drugC	1	2	48	0.1	826	796.25	302.5
MCF10A	drugC	1	2	48	0.3162	808	796.25	302.5
MCF10A	drugC	1	2	48	1	553	796.25	302.5
MCF10A	drugC	1	2	48	3.162	409	796.25	302.5
MCF10A	drugC	1	2	48	10	376	796.25	302.5
MCF10A	drugD	1	2	48	0.001	816	796.25	302.5
MCF10A	drugD	1	2	48	0.003162	864	796.25	302.5
MCF10A	drugD	1	2	48	0.01	737	796.25	302.5
MCF10A	drugD	1	2	48	0.03162	804	796.25	302.5
MCF10A	drugD	1	2	48	0.1	624	796.25	302.5
MCF10A	drugD	1	2	48	0.3162	547	796.25	302.5
MCF10A	drugD	1	2	48	1	522	796.25	302.5
MCF10A	drugD	1	2	48	3.162	554	796.25	302.5
MCF10A	drugD	1	2	48	10	458	796.25	302.5
MCF10A	drugA	1	1	72	0.001	1285	1317.0	302.5
MCF10A	drugA	1	1	72	0.003162	1208	1317.0	302.5
MCF10A	drugA	1	1	72	0.01	1065	1317.0	302.5
MCF10A	drugA	1	1	72	0.03162	788	1317.0	302.5
MCF10A	drugA	1	1	72	0.1	528	1317.0	302.5
MCF10A	drugA	1	1	72	0.3162	304	1317.0	302.5
MCF10A	drugA	1	1	72	1	286	1317.0	302.5
MCF10A	drugA	1	1	72	3.162	246	1317.0	302.5
MCF10A	drugA	1	1	72	10	294	1317.0	302.5
MCF10A	drugB	1	1	72	0.001	1357	1317.0	302.5
MCF10A	drugB	1	1	72	0.003162	1274	1317.0	302.5
MCF10A	drugB	1	1	72	0.01	1234	1317.0	302.5
MCF10A	drugB	1	1	72	0.03162	1273	1317.0	302.5
MCF10A	drugB	1	1	72	0.1	1228	1317.0	302.5
MCF10A	drugB	1	1	72	0.3162	1088	1317.0	302.5
MCF10A	drugB	1	1	72	1	864	1317.0	302.5
MCF10A	drugB	1	1	72	3.162	545	1317.0	302.5
MCF10A	drugB	1	1	72	10	352	1317.0	302.5
MCF10A	drugC	1	1	72	0.001	1355	1317.0	302.5
MCF10A	drugC	1	1	72	0.003162	1343	1317.0	302.5
MCF10A	drugC	1	1	72	0.01	1249	1317.0	302.5
MCF10A	drugC	1	1	72	0.03162	1255	1317.0	302.5
MCF10A	drugC	1	1	72	0.1	1305	1317.0	302.5
MCF10A	drugC	1	1	72	0.3162	1257	1317.0	302.5
MCF10A	drugC	1	1	72	1	831	1317.0	302.5
MCF10A	drugC	1	1	72	3.162	467	1317.0	302.5
MCF10A	drugC	1	1	72	10	449	1317.0	302.5
MCF10A	drugD	1	1	72	0.001	1317	1317.0	302.5
MCF10A	drugD	1	1	72	0.003162	1256	1317.0	302.5
MCF10A	drugD	1	1	72	0.01	1229	1317.0	302.5
MCF10A	drugD	1	1	72	0.03162	1046	1317.0	302.5
MCF10A	drugD	1	1	72	0.1	794	1317.0	302.5
MCF10A	drugD	1	1	72	0.3162	641	1317.0	302.5
MCF10A	drugD	1	1	72	1	656	1317.0	302.5
MCF10A	drugD	1	1	72	3.162	660	1317.0	302.5
MCF10A	drugD	1	1	72	10	679	1317.0	302.5
MCF10A	drugA	1	2	72	0.001	1213	1271.25	302.5
MCF10A	drugA	1	2	72	0.003162	1158	1271.25	302.5
MCF10A	drugA	1	2	72	0.01	1063	1271.25	302.5
MCF10A	drugA	1	2	72	0.03162	770	1271.25	302.5
MCF10A	drugA	1	2	72	0.1	463	1271.25	302.5
MCF10A	drugA	1	2	72	0.3162	343	1271.25	302.5
MCF10A	drugA	1	2	72	1	268	1271.25	302.5
MCF10A	drugA	1	2	72	3.162	283	1271.25	302.5
MCF10A	drugA	1	2	72	10	259	1271.25	302.5
MCF10A	drugB	1	2	72	0.001	1273	1271.25	302.5
MCF10A	drugB	1	2	72	0.003162	1240	1271.25	302.5
MCF10A	drugB	1	2	72	0.01	1191	1271.25	302.5
MCF10A	drugB	1	2	72	0.03162	1327	1271.25	302.5
MCF10A	drugB	1	2	72	0.1	1259	1271.25	302.5
MCF10A	drugB	1	2	72	0.3162	1046	1271.25	302.5
MCF10A	drugB	1	2	72	1	905	1271.25	302.5
MCF10A	drugB	1	2	72	3.162	520	1271.25	302.5
MCF10A	drugB	1	2	72	10	328	1271.25	302.5
MCF10A	drugC	1	2	72	0.001	1251	1271.25	302.5
MCF10A	drugC	1	2	72	0.003162	1298	1271.25	302.5
MCF10A	drugC	1	2	72	0.01	1274	1271.25	302.5
MCF10A	drugC	1	2	72	0.03162	1178	1271.25	302.5
MCF10A	drugC	1	2	72	0.1	1314	1271.25	302.5
MCF10A	drugC	1	2	72	0.3162	1185	1271.25	302.5
MCF10A	drugC	1	2	72	1	798	1271.25	302.5
MCF10A	drugC	1	2	72	3.162	432	1271.25	302.5
MCF10A	drugC	1	2	72	10	455	1271.25	302.5
MCF10A	drugD	1	2	72	0.001	1323	1271.25	302.5
MCF10A	drugD	1	2	72	0.003162	1295	1271.25	302.5
MCF10A	drugD	1	2	72	0.01	1350	1271.25	302.5
MCF10A	drugD	1	2	72	0.03162	1232	1271.25	302.5
MCF10A	drugD	1	2	72	0.1	893	1271.25	302.5
MCF10A	drugD	1	2	72	0.3162	710	1271.25	302.5
MCF10A	drugD	1	2	72	1	674	1271.25	302.5
MCF10A	drugD	1	2	72	3.162	648	1271.25	302.5
MCF10A	drugD	1	2	72	10	648	1271.25	302.5
MCF7	drugA	0	1	48	0.001	951	932.75	410.2
MCF7	drugA	0	1	48	0.003162	987	932.75	410.2
MCF7	drugA	0	1	48	0.01	904	932.75	410.2
MCF7	drugA	0	1	48	0.03162	833	932.75	410.2
MCF7	drugA	0	1	48	0.1	631	932.75	410.2
MCF7	drugA	0	1	48	0.3162	561	932.75	410.2
MCF7	drugA	0	1	48	1	486	932.75	410.2
MCF7	drugA	0	1	48	3.162	476	932.75	410.2
MCF7	drugA	0	1	48	10	533	932.75	410.2
MCF7	drugB	0	1	48	0.001	945	932.75	410.2
MCF7	drugB	0	1	48	0.003162	924	932.75	410.2
MCF7	drugB	0	1	48	0.01	946	932.75	410.2
MCF7	drugB	0	1	48	0.03162	926	932.75	410.2
MCF7	drugB	0	1	48	0.1	804	932.75	410.2
MCF7	drugB	0	1	48	0.3162	499	932.75	410.2
MCF7	drugB	0	1	48	1	176	932.75	410.2
MCF7	drugB	0	1	48	3.162	90	932.75	410.2
MCF7	drugB	0	1	48	10	68	932.75	410.2
MCF7	drugC	0	1	48	0.001	915	932.75	410.2
MCF7	drugC	0	1	48	0.003162	916	932.75	410.2
MCF7	drugC	0	1	48	0.01	962	932.75	410.2
MCF7	drugC	0	1	48	0.03162	902	932.75	410.2
MCF7	drugC	0	1	48	0.1	586	932.75	410.2
MCF7	drugC	0	1	48	0.3162	69	932.75	410.2
MCF7	drugC	0	1	48	1	35	932.75	410.2
MCF7	drugC	0	1	48	3.162	33	932.75	410.2
MCF7	drugC	0	1	48	10	35	932.75	410.2
MCF7	drugD	0	1	48	0.001	976	932.75	410.2
MCF7	drugD	0	1	48	0.003162	904	932.75	410.2
MCF7	drugD	0	1	48	0.01	998	932.75	410.2
MCF7	drugD	0	1	48	0.03162	914	932.75	410.2
MCF7	drugD	0	1	48	0.1	927	932.75	410.2
MCF7	drugD	0	1	48	0.3162	803	932.75	410.2
MCF7	drugD	0	1	48	1	765	932.75	410.2
MCF7	drugD	0	1	48	3.162	707	932.75	410.2
MCF7	drugD	0	1	48	10	646	932.75	410.2
MCF7	drugA	0	2	48	0.001	917	948.5	410.2
MCF7	drugA	0	2	48	0.003162	946	948.5	410.2
MCF7	drugA	0	2	48	0.01	985	948.5	410.2
MCF7	drugA	0	2	48	0.03162	776	948.5	410.2
MCF7	drugA	0	2	48	0.1	642	948.5	410.2
MCF7	drugA	0	2	48	0.3162	475	948.5	410.2
MCF7	drugA	0	2	48	1	505	948.5	410.2
MCF7	drugA	0	2	48	3.162	489	948.5	410.2
MCF7	drugA	0	2	48	10	485	948.5	410.2
MCF7	drugB	0	2	48	0.001	957	948.5	410.2
MCF7	drugB	0	2	48	0.003162	1016	948.5	410.2
MCF7	drugB	0	2	48	0.01	885	948.5	410.2
MCF7	drugB	0	2	48	0.03162	870	948.5	410.2
MCF7	drugB	0	2	48	0.1	775	948.5	410.2
MCF7	drugB	0	2	48	0.3162	433	948.5	410.2
MCF7	drugB	0	2	48	1	177	948.5	410.2
MCF7	drugB	0	2	48	3.162	84	948.5	410.2
MCF7	drugB	0	2	48	10	68	948.5	410.2
MCF7	drugC	0	2	48	0.001	904	948.5	410.2
MCF7	drugC	0	2	48	0.003162	873	948.5	410.2
MCF7	drugC	0	2	48	0.01	969	948.5	410.2
MCF7	drugC	0	2	48	0.03162	881	948.5	410.2
MCF7	drugC	0	2	48	0.1	550	948.5	410.2
MCF7	drugC	0	2	48	0.3162	74	948.5	410.2
MCF7	drugC	0	2	48	1	35	948.5	410.2
MCF7	drugC	0	2	48	3.162	31	948.5	410.2
MCF7	drugC	0	2	48	10	31	948.5	410.2
MCF7	drugD	0	2	48	0.001	921	948.5	410.2
MCF7	drugD	0	2	48	0.003162	937	948.5	410.2
MCF7	drugD	0	2	48	0.01	951	948.5	410.2
MCF7	drugD	0	2	48	0.03162	879	948.5	410.2
MCF7	drugD	0	2	48	0.1	875	948.5	410.2
MCF7	drugD	0	2	48	0.3162	888	948.5	410.2
MCF7	drugD	0	2	48	1	691	948.5	410.2
MCF7	drugD	0	2	48	3.162	756	948.5	410.2
MCF7	drugD	0	2	48	10	735	948.5	410.2
MCF7	drugA	0	1	72	0.001	1471	1482.25	410.2
MCF7	drugA	0	1	72	0.003162	1378	1482.25	410.2
MCF7	drugA	0	1	72	0.01	1291	1482.25	410.2
MCF7	drugA	0	1	72	0.03162	1207	1482.25	410.2
MCF7	drugA	0	1	72	0.1	786	1482.25	410.2
MCF7	drugA	0	1	72	0.3162	589	1482.25	410.2
MCF7	drugA	0	1	72	1	514	1482.25	410.2
MCF7	drugA	0	1	72	3.162	582	1482.25	410.2
MCF7	drugA	0	1	72	10	557	1482.25	410.2
MCF7	drugB	0	1	72	0.001	1523	1482.25	410.2
MCF7	drugB	0	1	72	0.003162	1470	1482.25	410.2
MCF7	drugB	0	1	72	0.01	1412	1482.25	410.2
MCF7	drugB	0	1	72	0.03162	1428	1482.25	410.2
MCF7	drugB	0	1	72	0.1	1264	1482.25	410.2
MCF7	drugB	0	1	72	0.3162	656	1482.25	410.2
MCF7	drugB	0	1	72	1	205	1482.25	410.2
MCF7	drugB	0	1	72	3.162	58	1482.25	410.2
MCF7	drugB	0	1	72	10	29	1482.25	410.2
MCF7	drugC	0	1	72	0.001	1343	1482.25	410.2
MCF7	drugC	0	1	72	0.003162	1355	1482.25	410.2
MCF7	drugC	0	1	72	0.01	1441	1482.25	410.2
MCF7	drugC	0	1	72	0.03162	1392	1482.25	410.2
MCF7	drugC	0	1	72	0.1	804	1482.25	410.2
MCF7	drugC	0	1	72	0.3162	64	1482.25	410.2
MCF7	drugC	0	1	72	1	10	1482.25	410.2
MCF7	drugC	0	1	72	3.162	7	1482.25	410.2
MCF7	drugC	0	1	72	10	8	1482.25	410.2
MCF7	drugD	0	1	72	0.001	1419	1482.25	410.2
MCF7	drugD	0	1	72	0.003162	1500	1482.25	410.2
MCF7	drugD	0	1	72	0.01	1422	1482.25	410.2
MCF7	drugD	0	1	72	0.03162	1309	1482.25	410.2
MCF7	drugD	0	1	72	0.1	1447	1482.25	410.2
MCF7	drugD	0	1	72	0.3162	1170	1482.25	410.2
MCF7	drugD	0	1	72	1	880	1482.25	410.2
MCF7	drugD	0	1	72	3.162	878	1482.25	410.2
MCF7	drugD	0	1	72	10	915	1482.25	410.2
MCF7	drugA	0	2	72	0.001	1512	1394.75	410.2
MCF7	drugA	0	2	72	0.003162	1553	1394.75	410.2
MCF7	drugA	0	2	72	0.01	1293	1394.75	410.2
MCF7	drugA	0	2	72	0.03162	1242	1394.75	410.2
MCF7	drugA	0	2	72	0.1	731	1394.75	410.2
MCF7	drugA	0	2	72	0.3162	597	1394.75	410.2
MCF7	drugA	0	2	72	1	546	1394.75	410.2
MCF7	drugA	0	2	72	3.162	569	1394.75	410.2
MCF7	drugA	0	2	72	10	540	1394.75	410.2
MCF7	drugB	0	2	72	0.001	1475	1394.75	410.2
MCF7	drugB	0	2	72	0.003162	1447	1394.75	410.2
MCF7	drugB	0	2	72	0.01	1344	1394.75	410.2
MCF7	drugB	0	2	72	0.03162	1399	1394.75	410.2
MCF7	drugB	0	2	72	0.1	1205	1394.75	410.2
MCF7	drugB	0	2	72	0.3162	656	1394.75	410.2
MCF7	drugB	0	2	72	1	226	1394.75	410.2
MCF7	drugB	0	2	72	3.162	67	1394.75	410.2
MCF7	drugB	0	2	72	10	32	1394.75	410.2
MCF7	drugC	0	2	72	0.001	1428	1394.75	410.2
MCF7	drugC	0	2	72	0.003162	1478	1394.75	410.2
MCF7	drugC	0	2	72	0.01	1392	1394.75	410.2
MCF7	drugC	0	2	72	0.03162	1418	1394.75	410.2
MCF7	drugC	0	2	72	0.1	772	1394.75	410.2
MCF7	drugC	0	2	72	0.3162	68	1394.75	410.2
MCF7	drugC	0	2	72	1	13	1394.75	410.2
MCF7	drugC	0	2	72	3.162	9	1394.75	410.2
MCF7	drugC	0	2	72	10	9	1394.75	410.2
MCF7	drugD	0	2	72	0.001	1570	1394.75	410.2
MCF7	drugD	0	2	72	0.003162	1441	1394.75	410.2
MCF7	drugD	0	2	72	0.01	1412	1394.75	410.2
MCF7	drugD	0	2	72	0.03162	1431	1394.75	410.2
MCF7	drugD	0	2	72	0.1	1342	1394.75	410.2
MCF7	drugD	0	2	72	0.3162	1275	1394.75	410.2
MCF7	drugD	0	2	72	1	950	1394.75	410.2
MCF7	drugD	0	2	72	3.162	892	1394.75	410.2
MCF7	drugD	0	2	72	10	915	1394.75	410.2
MCF7	drugA	1	1	48	0.001	841	871.0	405.3
MCF7	drugA	1	1	48	0.003162	854	871.0	405.3
MCF7	drugA	1	1	48	0.01	794	871.0	405.3
MCF7	drugA	1	1	48	0.03162	747	871.0	405.3
MCF7	drugA	1	1	48	0.1	603	871.0	405.3
MCF7	drugA	1	1	48	0.3162	498	871.0	405.3
MCF7	drugA	1	1	48	1	470	871.0	405.3
MCF7	drugA	1	1	48	3.162	478	871.0	405.3
MCF7	drugA	1	1	48	10	486	871.0	405.3
MCF7	drugB	1	1	48	0.001	891	871.0	405.3
MCF7	drugB	1	1	48	0.003162	906	871.0	405.3
MCF7	drugB	1	1	48	0.01	907	871.0	405.3
MCF7	drugB	1	1	48	0.03162	812	871.0	405.3
MCF7	drugB	1	1	48	0.1	779	871.0	405.3
MCF7	drugB	1	1	48	0.3162	431	871.0	405.3
MCF7	drugB	1	1	48	1	188	871.0	405.3
MCF7	drugB	1	1	48	3.162	102	871.0	405.3
MCF7	drugB	1	1	48	10	73	871.0	405.3
MCF7	drugC	1	1	48	0.001	789	871.0	405.3
MCF7	drugC	1	1	48	0.003162	820	871.0	405.3
MCF7	drugC	1	1	48	0.01	828	871.0	405.3
MCF7	drugC	1	1	48	0.03162	915	871.0	405.3
MCF7	drugC	1	1	48	0.1	559	871.0	405.3
MCF7	drugC	1	1	48	0.3162	80	871.0	405.3
MCF7	drugC	1	1	48	1	40	871.0	405.3
MCF7	drugC	1	1	48	3.162	41	871.0	405.3
MCF7	drugC	1	1	48	10	39	871.0	405.3
MCF7	drugD	1	1	48	0.001	909	871.0	405.3
MCF7	drugD	1	1	48	0.003162	893	871.0	405.3
MCF7	drugD	1	1	48	0.01	866	871.0	405.3
MCF7	drugD	1	1	48	0.03162	856	871.0	405.3
MCF7	drugD	1	1	48	0.1	867	871.0	405.3
MCF7	drugD	1	1	48	0.3162	856	871.0	405.3
MCF7	drugD	1	1	48	1	714	871.0	405.3
MCF7	drugD	1	1	48	3.162	634	871.0	405.3
MCF7	drugD	1	1	48	10	605	871.0	405.3
MCF7	drugA	1	2	48	0.001	809	864.5	405.3
MCF7	drugA	1	2	48	0.003162	886	864.5	405.3
MCF7	drugA	1	2	48	0.01	813	864.5	405.3
MCF7	drugA	1	2	48	0.03162	748	864.5	405.3
MCF7	drugA	1	2	48	0.1	634	864.5	405.3
MCF7	drugA	1	2	48	0.3162	521	864.5	405.3
MCF7	drugA	1	2	48	1	485	864.5	405.3
MCF7	drugA	1	2	48	3.162	488	864.5	405.3
MCF7	drugA	1	2	48	10	465	864.5	405.3
MCF7	drugB	1	2	48	0.001	796	864.5	405.3
MCF7	drugB	1	2	48	0.003162	897	864.5	405.3
MCF7	drugB	1	2	48	0.01	890	864.5	405.3
MCF7	drugB	1	2	48	0.03162	805	864.5	405.3
MCF7	drugB	1	2	48	0.1	721	864.5	405.3
MCF7	drugB	1	2	48	0.3162	425	864.5	405.3
MCF7	drugB	1	2	48	1	199	864.5	405.3
MCF7	drugB	1	2	48	3.162	96	864.5	405.3
MCF7	drugB	1	2	48	10	84	864.5	405.3
MCF7	drugC	1	2	48	0.001	902	864.5	405.3
MCF7	drugC	1	2	48	0.003162	842	864.5	405.3
MCF7	drugC	1	2	48	0.01	890	864.5	405.3
MCF7	drugC	1	2	48	0.03162	853	864.5	405.3
MCF7	drugC	1	2	48	0.1	508	864.5	405.3
MCF7	drugC	1	2	48	0.3162	72	864.5	405.3
MCF7	drugC	1	2	48	1	43	864.5	405.3
MCF7	drugC	1	2	48	3.162	39	864.5	405.3
MCF7	drugC	1	2	48	10	40	864.5	405.3
MCF7	drugD	1	2	48	0.001	856	864.5	405.3
MCF7	drugD	1	2	48	0.003162	841	864.5	405.3
MCF7	drugD	1	2	48	0.01	872	864.5	405.3
MCF7	drugD	1	2	48	0.03162	795	864.5	405.3
MCF7	drugD	1	2	48	0.1	823	864.5	405.3
MCF7	drugD	1	2	48	0.3162	759	864.5	405.3
MCF7	drugD	1	2	48	1	627	864.5	405.3
MCF7	drugD	1	2	48	3.162	648	864.5	405.3
MCF7	drugD	1	2	48	10	670	864.5	405.3
MCF7	drugA	1	1	72	0.001	1396	1221.5	405.3
MCF7	drugA	1	1	72	0.003162	1267	1221.5	405.3
MCF7	drugA	1	1	72	0.01	1226	1221.5	405.3
MCF7	drugA	1	1	72	0.03162	1152	1221.5	405.3
MCF7	drugA	1	1	72	0.1	784	1221.5	405.3
MCF7	drugA	1	1	72	0.3162	605	1221.5	405.3
MCF7	drugA	1	1	72	1	517	1221.5	405.3
MCF7	drugA	1	1	72	3.162	499	1221.5	405.3
MCF7	drugA	1	1	72	10	519	1221.5	405.3
MCF7	drugB	1	1	72	0.001	1241	1221.5	405.3
MCF7	drugB	1	1	72	0.003162	1329	1221.5	405.3
MCF7	drugB	1	1	72	0.01	1220	1221.5	405.3
MCF7	drugB	1	1	72	0.03162	1161	1221.5	405.3
MCF7	drugB	1	1	72	0.1	1060	1221.5	405.3
MCF7	drugB	1	1	72	0.3162	610	1221.5	405.3
MCF7	drugB	1	1	72	1	201	1221.5	405.3
MCF7	drugB	1	1	72	3.162	62	1221.5	405.3
MCF7	drugB	1	1	72	10	39	1221.5	405.3
MCF7	drugC	1	1	72	0.001	1290	1221.5	405.3
MCF7	drugC	1	1	72	0.003162	1326	1221.5	405.3
MCF7	drugC	1	1	72	0.01	1196	1221.5	405.3
MCF7	drugC	1	1	72	0.03162	1216	1221.5	405.3
MCF7	drugC	1	1	72	0.1	732	1221.5	405.3
MCF7	drugC	1	1	72	0.3162	67	1221.5	405.3
MCF7	drugC	1	1	72	1	15	1221.5	405.3
MCF7	drugC	1	1	72	3.162	13	1221.5	405.3
MCF7	drugC	1	1	72	10	14	1221.5	405.3
MCF7	drugD	1	1	72	0.001	1370	1221.5	405.3
MCF7	drugD	1	1	72	0.003162	1206	1221.5	405.3
MCF7	drugD	1	1	72	0.01	1268	1221.5	405.3
MCF7	drugD	1	1	72	0.03162	1272	1221.5	405.3
MCF7	drugD	1	1	72	0.1	1291	1221.5	405.3
MCF7	drugD	1	1	72	0.3162	1107	1221.5	405.3
MCF7	drugD	1	1	72	1	930	1221.5	405.3
MCF7	drugD	1	1	72	3.162	790	1221.5	405.3
MCF7	drugD	1	1	72	10	775	1221.5	405.3
MCF7	drugA	1	2	72	0.001	1314	1239.5	405.3
MCF7	drugA	1	2	72	0.003162	1387	1239.5	405.3
MCF7	drugA	1	2	72	0.01	1263	1239.5	405.3
MCF7	drugA	1	2	72	0.03162	1007	1239.5	405.3
MCF7	drugA	1	2	72	0.1	789	1239.5	405.3
MCF7	drugA	1	2	72	0.3162	587	1239.5	405.3
MCF7	drugA	1	2	72	1	540	1239.5	405.3
MCF7	drugA	1	2	72	3.162	522	1239.5	405.3
MCF7	drugA	1	2	72	10	478	1239.5	405.3
MCF7	drugB	1	2	72	0.001	1231	1239.5	405.3
MCF7	drugB	1	2	72	0.003162	1249	1239.5	405.3
MCF7	drugB	1	2	72	0.01	1223	1239.5	405.3
MCF7	drugB	1	2	72	0.03162	1195	1239.5	405.3
MCF7	drugB	1	2	72	0.1	1050	1239.5	405.3
MCF7	drugB	1	2	72	0.3162	578	1239.5	405.3
MCF7	drugB	1	2	72	1	199	1239.5	405.3
MCF7	drugB	1	2	72	3.162	69	1239.5	405.3
MCF7	drugB	1	2	72	10	39	1239.5	405.3
MCF7	drugC	1	2	72	0.001	1189	1239.5	405.3
MCF7	drugC	1	2	72	0.003162	1252	1239.5	405.3
MCF7	drugC	1	2	72	0.01	1315	1239.5	405.3
MCF7	drugC	1	2	72	0.03162	1187	1239.5	405.3
MCF7	drugC	1	2	72	0.1	772	1239.5	405.3
MCF7	drugC	1	2	72	0.3162	66	1239.5	405.3
MCF7	drugC	1	2	72	1	15	1239.5	405.3
MCF7	drugC	1	2	72	3.162	15	1239.5	405.3
MCF7	drugC	1	2	72	10	14	1239.5	405.3
MCF7	drugD	1	2	72	0.001	1222	1239.5	405.3
MCF7	drugD	1	2	72	0.003162	1285	1239.5	405.3
MCF7	drugD	1	2	72	0.01	1203	1239.5	405.3
MCF7	drugD	1	2	72	0.03162	1320	1239.5	405.3
MCF7	drugD	1	2	72	0.1	1253	1239.5	405.3
MCF7	drugD	1	2	72	0.3162	1149	1239.5	405.3
MCF7	drugD	1	2	72	1	879	1239.5	405.3
MCF7	drugD	1	2	72	3.162	849	1239.5	405.3
MCF7	drugD	1	2	72	10	784	1239.5	405.3
BT20	drugA	0	1	48	0.001	1079	1135.75	492.8
BT20	drugA	0	1	48	0.003162	1033	1135.75	492.8
BT20	drugA	0	1	48	0.01	1006	1135.75	492.8
BT20	drugA	0	1	48	0.03162	1009	1135.75	492.8
BT20	drugA	0	1	48	0.1	768	1135.75	492.8
BT20	drugA	0	1	48	0.3162	569	1135.75	492.8
BT20	drugA	0	1	48	1	522	1135.75	492.8
BT20	drugA	0	1	48	3.162	489	1135.75	492.8
BT20	drugA	0	1	48	10	508	1135.75	492.8
BT20	drugB	0	1	48	0.001	1049	1135.75	492.8
BT20	drugB	0	1	48	0.003162	1102	1135.75	492.8
BT20	drugB	0	1	48	0.01	1135	1135.75	492.8
BT20	drugB	0	1	48	0.03162	1145	1135.75	492.8
BT20	drugB	0	1	48	0.1	1105	1135.75	492.8
BT20	drugB	0	1	48	0.3162	1020	1135.75	492.8
BT20	drugB	0	1	48	1	1088	1135.75	492.8
BT20	drugB	0	1	48	3.162	1105	1135.75	492.8
BT20	drugB	0	1	48	10	1061	1135.75	492.8
BT20	drugC	0	1	48	0.001	1144	1135.75	492.8
BT20	drugC	0	1	48	0.003162	1091	1135.75	492.8
BT20	drugC	0	1	48	0.01	1104	1135.75	492.8
BT20	drugC	0	1	48	0.03162	1081	1135.75	492.8
BT20	drugC	0	1	48	0.1	967	1135.75	492.8
BT20	drugC	0	1	48	0.3162	760	1135.75	492.8
BT20	drugC	0	1	48	1	401	1135.75	492.8
BT20	drugC	0	1	48	3.162	185	1135.75	492.8
BT20	drugC	0	1	48	10	114	1135.75	492.8
BT20	drugD	0	1	48	0.001	1227	1135.75	492.8
BT20	drugD	0	1	48	0.003162	1040	1135.75	492.8
BT20	drugD	0	1	48	0.01	965	1135.75	492.8
BT20	drugD	0	1	48	0.03162	728	1135.75	492.8
BT20	drugD	0	1	48	0.1	628	1135.75	492.8
BT20	drugD	0	1	48	0.3162	475	1135.75	492.8
BT20	drugD	0	1	48	1	472	1135.75	492.8
BT20	drugD	0	1	48	3.162	446	1135.75	492.8
BT20	drugD	0	1	48	10	439	1135.75	492.8
BT20	drugA	0	2	48	0.001	1045	1195.0	492.8
BT20	drugA	0	2	48	0.003162	1189	1195.0	492.8
BT20	drugA	0	2	48	0.01	978	1195.0	492.8
BT20	drugA	0	2	48	0.03162	996	1195.0	492.8
BT20	drugA	0	2	48	0.1	764	1195.0	492.8
BT20	drugA	0	2	48	0.3162	609	1195.0	492.8
BT20	drugA	0	2	48	1	561	1195.0	492.8
BT20	drugA	0	2	48	3.162	490	1195.0	492.8
BT20	drugA	0	2	48	10	521	1195.0	492.8
BT20	drugB	0	2	48	0.001	1097	1195.0	492.8
BT20	drugB	0	2	48	0.003162	1071	1195.0	492.8
BT20	drugB	0	2	48	0.01	1095	1195.0	492.8
BT20	drugB	0	2	48	0.03162	1126	1195.0	492.8
BT20	drugB	0	2	48	0.1	1261	1195.0	492.8
BT20	drugB	0	2	48	0.3162	1081	1195.0	492.8
BT20	drugB	0	2	48	1	1180	1195.0	492.8
BT20	drugB	0	2	48	3.162	1182	1195.0	492.8
BT20	drugB	0	2	48	10	1172	1195.0	492.8
BT20	drugC	0	2	48	0.001	1070	1195.0	492.8
BT20	drugC	0	2	48	0.003162	1177	1195.0	492.8
BT20	drugC	0	2	48	0.01	1084	1195.0	492.8
BT20	drugC	0	2	48	0.03162	1111	1195.0	492.8
BT20	drugC	0	2	48	0.1	908	1195.0	492.8
BT20	drugC	0	2	48	0.3162	710	1195.0	492.8
BT20	drugC	0	2	48	1	413	1195.0	492.8
BT20	drugC	0	2	48	3.162	181	1195.0	492.8
BT20	drugC	0	2	48	10	102	1195.0	492.8
BT20	drugD	0	2	48	0.001	1138	1195.0	492.8
BT20	drugD	0	2	48	0.003162	1078	1195.0	492.8
BT20	drugD	0	2	48	0.01	944	1195.0	492.8
BT20	drugD	0	2	48	0.03162	717	1195.0	492.8
BT20	drugD	0	2	48	0.1	626	1195.0	492.8
BT20	drugD	0	2	48	0.3162	523	1195.0	492.8
BT20	drugD	0	2	48	1	519	1195.0	492.8
BT20	drugD	0	2	48	3.162	486	1195.0	492.8
BT20	drugD	0	2	48	10	442	1195.0	492.8
BT20	drugA	0	3	48	0.001	1057	1102.75	492.8
BT20	drugA	0	3	48	0.003162	1139	1102.75	492.8
BT20	drugA	0	3	48	0.01	1026	1102.75	492.8
BT20	drugA	0	3	48	0.03162	952	1102.75	492.8
BT20	drugA	0	3	48	0.1	734	1102.75	492.8
BT20	drugA	0	3	48	0.3162	649	1102.75	492.8
BT20	drugA	0	3	48	1	553	1102.75	492.8
BT20	drugA	0	3	48	3.162	526	1102.75	492.8
BT20	drugA	0	3	48	10	532	1102.75	492.8
BT20	drugB	0	3	48	0.001	1125	1102.75	492.8
BT20	drugB	0	3	48	0.003162	1201	1102.75	492.8
BT20	drugB	0	3	48	0.01	1102	1102.75	492.8
BT20	drugB	0	3	48	0.03162	1116	1102.75	492.8
BT20	drugB	0	3	48	0.1	1051	1102.75	492.8
BT20	drugB	0	3	48	0.3162	1065	1102.75	492.8
BT20	drugB	0	3	48	1	1124	1102.75	492.8
BT20	drugB	0	3	48	3.162	1090	1102.75	492.8
BT20	drugB	0	3	48	10	1075	1102.75	492.8
BT20	drugC	0	3	48	0.001	1181	1102.75	492.8
BT20	drugC	0	3	48	0.003162	1071	1102.75	492.8
BT20	drugC	0	3	48	0.01	1173	1102.75	492.8
BT20	drugC	0	3	48	0.03162	1085	1102.75	492.8
BT20	drugC	0	3	48	0.1	967	1102.75	492.8
BT20	drugC	0	3	48	0.3162	677	1102.75	492.8
BT20	drugC	0	3	48	1	423	1102.75	492.8
BT20	drugC	0	3	48	3.162	187	1102.75	492.8
BT20	drugC	0	3	48	10	105	1102.75	492.8
BT20	drugD	0	3	48	0.001	1224	1102.75	492.8
BT20	drugD	0	3	48	0.003162	1048	1102.75	492.8
BT20	drugD	0	3	48	0.01	922	1102.75	492.8
BT20	drugD	0	3	48	0.03162	702	1102.75	492.8
BT20	drugD	0	3	48	0.1	556	1102.75	492.8
BT20	drugD	0	3	48	0.3162	465	1102.75	492.8
BT20	drugD	0	3	48	1	476	1102.75	492.8
BT20	drugD	0	3	48	3.162	448	1102.75	492.8
BT20	drugD	0	3	48	10	443	1102.75	492.8
BT20	drugA	0	1	72	0.001	1710	1766.0	492.8
BT20	drugA	0	1	72	0.003162	1796	1766.0	492.8
BT20	drugA	0	1	72	0.01	1691	1766.0	492.8
BT20	drugA	0	1	72	0.03162	1343	1766.0	492.8
BT20	drugA	0	1	72	0.1	1082	1766.0	492.8
BT20	drugA	0	1	72	0.3162	773	1766.0	492.8
BT20	drugA	0	1	72	1	585	1766.0	492.8
BT20	drugA	0	1	72	3.162	581	1766.0	492.8
BT20	drugA	0	1	72	10	510	1766.0	492.8
BT20	drugB	0	1	72	0.001	1741	1766.0	492.8
BT20	drugB	0	1	72	0.003162	1762	1766.0	492.8
BT20	drugB	0	1	72	0.01	1632	1766.0	492.8
BT20	drugB	0	1	72	0.03162	1766	1766.0	492.8
BT20	drugB	0	1	72	0.1	1730	1766.0	492.8
BT20	drugB	0	1	72	0.3162	1723	1766.0	492.8
BT20	drugB	0	1	72	1	1837	1766.0	492.8
BT20	drugB	0	1	72	3.162	1757	1766.0	492.8
BT20	drugB	0	1	72	10	1663	1766.0	492.8
BT20	drugC	0	1	72	0.001	1765	1766.0	492.8
BT20	drugC	0	1	72	0.003162	1720	1766.0	492.8
BT20	drugC	0	1	72	0.01	1609	1766.0	492.8
BT20	drugC	0	1	72	0.03162	1724	1766.0	492.8
BT20	drugC	0	1	72	0.1	1513	1766.0	492.8
BT20	drugC	0	1	72	0.3162	1087	1766.0	492.8
BT20	drugC	0	1	72	1	549	1766.0	492.8
BT20	drugC	0	1	72	3.162	217	1766.0	492.8
BT20	drugC	0	1	72	10	72	1766.0	492.8
BT20	drugD	0	1	72	0.001	1676	1766.0	492.8
BT20	drugD	0	1	72	0.003162	1512	1766.0	492.8
BT20	drugD	0	1	72	0.01	1288	1766.0	492.8
BT20	drugD	0	1	72	0.03162	1029	1766.0	492.8
BT20	drugD	0	1	72	0.1	648	1766.0	492.8
BT20	drugD	0	1	72	0.3162	510	1766.0	492.8
BT20	drugD	0	1	72	1	451	1766.0	492.8
BT20	drugD	0	1	72	3.162	420	1766.0	492.8
BT20	drugD	0	1	72	10	475	1766.0	492.8
BT20	drugA	0	2	72	0.001	1740	1720.5	492.8
BT20	drugA	0	2	72	0.003162	1744	1720.5	492.8
BT20	drugA	0	2	72	0.01	1707	1720.5	492.8
BT20	drugA	0	2	72	0.03162	1386	1720.5	492.8
BT20	drugA	0	2	72	0.1	1064	1720.5	492.8
BT20	drugA	0	2	72	0.3162	698	1720.5	492.8
BT20	drugA	0	2	72	1	597	1720.5	492.8
BT20	drugA	0	2	72	3.162	532	1720.5	492.8
BT20	drugA	0	2	72	10	493	1720.5	492.8
BT20	drugB	0	2	72	0.001	1715	1720.5	492.8
BT20	drugB	0	2	72	0.003162	1707	1720.5	492.8
BT20	drugB	0	2	72	0.01	1664	1720.5	492.8
BT20	drugB	0	2	72	0.03162	1678	1720.5	492.8
BT20	drugB	0	2	72	0.1	1642	1720.5	492.8
BT20	drugB	0	2	72	0.3162	1779	1720.5	492.8
BT20	drugB	0	2	72	1	1751	1720.5	492.8
BT20	drugB	0	2	72	3.162	1663	1720.5	492.8
BT20	drugB	0	2	72	10	1663	1720.5	492.8
BT20	drugC	0	2	72	0.001	1625	1720.5	492.8
BT20	drugC	0	2	72	0.003162	1712	1720.5	492.8
BT20	drugC	0	2	72	0.01	1763	1720.5	492.8
BT20	drugC	0	2	72	0.03162	1603	1720.5	492.8
BT20	drugC	0	2	72	0.1	1459	1720.5	492.8
BT20	drugC	0	2	72	0.3162	1155	1720.5	492.8
BT20	drugC	0	2	72	1	502	1720.5	492.8
BT20	drugC	0	2	72	3.162	201	1720.5	492.8
BT20	drugC	0	2	72	10	81	1720.5	492.8
BT20	drugD	0	2	72	0.001	1776	1720.5	492.8
BT20	drugD	0	2	72	0.003162	1594	1720.5	492.8
BT20	drugD	0	2	72	0.01	1402	1720.5	492.8
BT20	drugD	0	2	72	0.03162	933	1720.5	492.8
BT20	drugD	0	2	72	0.1	675	1720.5	492.8
BT20	drugD	0	2	72	0.3162	517	1720.5	492.8
BT20	drugD	0	2	72	1	468	1720.5	492.8
BT20	drugD	0	2	72	3.162	467	1720.5	492.8
BT20	drugD	0	2	72	10	446	1720.5	492.8
BT20	drugA	0	3	72	0.001	1806	1720.0	492.8
BT20	drugA	0	3	72	0.003162	1743	1720.0	492.8
BT20	drugA	0	3	72	0.01	1462	1720.0	492.8
BT20	drugA	0	3	72	0.03162	1412	1720.0	492.8
BT20	drugA	0	3	72	0.1	1024	1720.0	492.8
BT20	drugA	0	3	72	0.3162	710	1720.0	492.8
BT20	drugA	0	3	72	1	549	1720.0	492.8
BT20	drugA	0	3	72	3.162	557	1720.0	492.8
BT20	drugA	0	3	72	10	522	1720.0	492.8
BT20	drugB	0	3	72	0.001	1688	1720.0	492.8
BT20	drugB	0	3	72	0.003162	1665	1720.0	492.8
BT20	drugB	0	3	72	0.01	1595	1720.0	492.8
BT20	drugB	0	3	72	0.03162	1786	1720.0	492.8
BT20	drugB	0	3	72	0.1	1568	1720.0	492.8
BT20	drugB	0	3	72	0.3162	1535	1720.0	492.8
BT20	drugB	0	3	72	1	1619	1720.0	492.8
BT20	drugB	0	3	72	3.162	1620	1720.0	492.8
BT20	drugB	0	3	72	10	1770	1720.0	492.8
BT20	drugC	0	3	72	0.001	1682	1720.0	492.8
BT20	drugC	0	3	72	0.003162	1587	1720.0	492.8
BT20	drugC	0	3	72	0.01	1659	1720.0	492.8
BT20	drugC	0	3	72	0.03162	1806	1720.0	492.8
BT20	drugC	0	3	72	0.1	1417	1720.0	492.8
BT20	drugC	0	3	72	0.3162	1071	1720.0	492.8
BT20	drugC	0	3	72	1	545	1720.0	492.8
BT20	drugC	0	3	72	3.162	219	1720.0	492.8
BT20	drugC	0	3	72	10	88	1720.0	492.8
BT20	drugD	0	3	72	0.001	1709	1720.0	492.8
BT20	drugD	0	3	72	0.003162	1568	1720.0	492.8
BT20	drugD	0	3	72	0.01	1413	1720.0	492.8
BT20	drugD	0	3	72	0.03162	886	1720.0	492.8
BT20	drugD	0	3	72	0.1	635	1720.0	492.8
BT20	drugD	0	3	72	0.3162	468	1720.0	492.8
BT20	drugD	0	3	72	1	464	1720.0	492.8
BT20	drugD	0	3	72	3.162	431	1720.0	492.8
BT20	drugD	0	3	72	10	475	1720.0	492.8
BT20	drugA	1	1	48	0.001	853	863.25	497.7
BT20	drugA	1	1	48	0.003162	824	863.25	497.7
BT20	drugA	1	1	48	0.01	816	863.25	497.7
BT20	drugA	1	1	48	0.03162	763	863.25	497.7
BT20	drugA	1	1	48	0.1	688	863.25	497.7
BT20	drugA	1	1	48	0.3162	554	863.25	497.7
BT20	drugA	1	1	48	1	490	863.25	497.7
BT20	drugA	1	1	48	3.162	507	863.25	497.7
BT20	drugA	1	1	48	10	554	863.25	497.7
BT20	drugB	1	1	48	0.001	787	863.25	497.7
BT20	drugB	1	1	48	0.003162	846	863.25	497.7
BT20	drugB	1	1	48	0.01	828	863.25	497.7
BT20	drugB	1	1	48	0.03162	882	863.25	497.7
BT20	drugB	1	1	48	0.1	800	863.25	497.7
BT20	drugB	1	1	48	0.3162	830	863.25	497.7
BT20	drugB	1	1	48	1	854	863.25	497.7
BT20	drugB	1	1	48	3.162	907	863.25	497.7
BT20	drugB	1	1	48	10	934	863.25	497.7
BT20	drugC	1	1	48	0.001	894	863.25	497.7
BT20	drugC	1	1	48	0.003162	890	863.25	497.7
BT20	drugC	1	1	48	0.01	811	863.25	497.7
BT20	drugC	1	1	48	0.03162	864	863.25	497.7
BT20	drugC	1	1	48	0.1	734	863.25	497.7
BT20	drugC	1	1	48	0.3162	595	863.25	497.7
BT20	drugC	1	1	48	1	348	863.25	497.7
BT20	drugC	1	1	48	3.162	197	863.25	497.7
BT20	drugC	1	1	48	10	166	863.25	497.7
BT20	drugD	1	1	48	0.001	873	863.25	497.7
BT20	drugD	1	1	48	0.003162	845	863.25	497.7
BT20	drugD	1	1	48	0.01	750	863.25	497.7
BT20	drugD	1	1	48	0.03162	628	863.25	497.7
BT20	drugD	1	1	48	0.1	536	863.25	497.7
BT20	drugD	1	1	48	0.3162	499	863.25	497.7
BT20	drugD	1	1	48	1	536	863.25	497.7
BT20	drugD	1	1	48	3.162	482	863.25	497.7
BT20	drugD	1	1	48	10	482	863.25	497.7
BT20	drugA	1	2	48	0.001	849	868.75	497.7
BT20	drugA	1	2	48	0.003162	806	868.75	497.7
BT20	drugA	1	2	48	0.01	855	868.75	497.7
BT20	drugA	1	2	48	0.03162	811	868.75	497.7
BT20	drugA	1	2	48	0.1	692	868.75	497.7
BT20	drugA	1	2	48	0.3162	576	868.75	497.7
BT20	drugA	1	2	48	1	509	868.75	497.7
BT20	drugA	1	2	48	3.162	509	868.75	497.7
BT20	drugA	1	2	48	10	554	868.75	497.7
BT20	drugB	1	2	48	0.001	805	868.75	497.7
BT20	drugB	1	2	48	0.003162	881	868.75	497.7
BT20	drugB	1	2	48	0.01	927	868.75	497.7
BT20	drugB	1	2	48	0.03162	914	868.75	497.7
BT20	drugB	1	2	48	0.1	878	868.75	497.7
BT20	drugB	1	2	48	0.3162	892	868.75	497.7
BT20	drugB	1	2	48	1	818	868.75	497.7
BT20	drugB	1	2	48	3.162	856	868.75	497.7
BT20	drugB	1	2	48	10	880	868.75	497.7
BT20	drugC	1	2	48	0.001	897	868.75	497.7
BT20	drugC	1	2	48	0.003162	882	868.75	497.7
BT20	drugC	1	2	48	0.01	872	868.75	497.7
BT20	drugC	1	2	48	0.03162	844	868.75	497.7
BT20	drugC	1	2	48	0.1	733	868.75	497.7
BT20	drugC	1	2	48	0.3162	601	868.75	497.7
BT20	drugC	1	2	48	1	339	868.75	497.7
BT20	drugC	1	2	48	3.162	203	868.75	497.7
BT20	drugC	1	2	48	10	150	868.75	497.7
BT20	drugD	1	2	48	0.001	865	868.75	497.7
BT20	drugD	1	2	48	0.003162	849	868.75	497.7
BT20	drugD	1	2	48	0.01	743	868.75	497.7
BT20	drugD	1	2	48	0.03162	581	868.75	497.7
BT20	drugD	1	2	48	0.1	534	868.75	497.7
BT20	drugD	1	2	48	0.3162	503	868.75	497.7
BT20	drugD	1	2	48	1	498	868.75	497.7
BT20	drugD	1	2	48	3.162	443	868.75	497.7
BT20	drugD	1	2	48	10	478	868.75	497.7
BT20	drugA	1	3	48	0.001	814	876.0	497.7
BT20	drugA	1	3	48	0.003162	941	876.0	497.7
BT20	drugA	1	3	48	0.01	854	876.0	497.7
BT20	drugA	1	3	48	0.03162	781	876.0	497.7
BT20	drugA	1	3	48	0.1	706	876.0	497.7
BT20	drugA	1	3	48	0.3162	543	876.0	497.7
BT20	drugA	1	3	48	1	512	876.0	497.7
BT20	drugA	1	3	48	3.162	525	876.0	497.7
BT20	drugA	1	3	48	10	528	876.0	497.7
BT20	drugB	1	3	48	0.001	897	876.0	497.7
BT20	drugB	1	3	48	0.003162	851	876.0	497.7
BT20	drugB	1	3	48	0.01	952	876.0	497.7
BT20	drugB	1	3	48	0.03162	850	876.0	497.7
BT20	drugB	1	3	48	0.1	876	876.0	497.7
BT20	drugB	1	3	48	0.3162	812	876.0	497.7
BT20	drugB	1	3	48	1	855	876.0	497.7
BT20	drugB	1	3	48	3.162	908	876.0	497.7
BT20	drugB	1	3	48	10	924	876.0	497.7
BT20	drugC	1	3	48	0.001	786	876.0	497.7
BT20	drugC	1	3	48	0.003162	808	876.0	497.7
BT20	drugC	1	3	48	0.01	821	876.0	497.7
BT20	drugC	1	3	48	0.03162	890	876.0	497.7
BT20	drugC	1	3	48	0.1	776	876.0	497.7
BT20	drugC	1	3	48	0.3162	608	876.0	497.7
BT20	drugC	1	3	48	1	351	876.0	497.7
BT20	drugC	1	3	48	3.162	198	876.0	497.7
BT20	drugC	1	3	48	10	153	876.0	497.7
BT20	drugD	1	3	48	0.001	925	876.0	497.7
BT20	drugD	1	3	48	0.003162	898	876.0	497.7
BT20	drugD	1	3	48	0.01	710	876.0	497.7
BT20	drugD	1	3	48	0.03162	624	876.0	497.7
BT20	drugD	1	3	48	0.1	516	876.0	497.7
BT20	drugD	1	3	48	0.3162	500	876.0	497.7
BT20	drugD	1	3	48	1	502	876.0	497.7
BT20	drugD	1	3	48	3.162	481	876.0	497.7
BT20	drugD	1	3	48	10	456	876.0	497.7
BT20	drugA	1	1	72	0.001	1216	1126.75	497.7
BT20	drugA	1	1	72	0.003162	1025	1126.75	497.7
BT20	drugA	1	1	72	0.01	1040	1126.75	497.7
BT20	drugA	1	1	72	0.03162	994	1126.75	497.7
BT20	drugA	1	1	72	0.1	850	1126.75	497.7
BT20	drugA	1	1	72	0.3162	620	1126.75	497.7
BT20	drugA	1	1	72	1	577	1126.75	497.7
BT20	drugA	1	1	72	3.162	491	1126.75	497.7
BT20	drugA	1	1	72	10	536	1126.75	497.7
BT20	drugB	1	1	72	0.001	1074	1126.75	497.7
BT20	drugB	1	1	72	0.003162	1192	1126.75	497.7
BT20	drugB	1	1	72	0.01	1097	1126.75	497.7
BT20	drugB	1	1	72	0.03162	1242	1126.75	497.7
BT20	drugB	1	1	72	0.1	1077	1126.75	497.7
BT20	drugB	1	1	72	0.3162	1077	1126.75	497.7
BT20	drugB	1	1	72	1	1115	1126.75	497.7
BT20	drugB	1	1	72	3.162	1092	1126.75	497.7
BT20	drugB	1	1	72	10	1051	1126.75	497.7
BT20	drugC	1	1	72	0.001	1182	1126.75	497.7
BT20	drugC	1	1	72	0.003162	1057	1126.75	497.7
BT20	drugC	1	1	72	0.01	1082	1126.75	497.7
BT20	drugC	1	1	72	0.03162	1087	1126.75	497.7
BT20	drugC	1	1	72	0.1	953	1126.75	497.7
BT20	drugC	1	1	72	0.3162	768	1126.75	497.7
BT20	drugC	1	1	72	1	415	1126.75	497.7
BT20	drugC	1	1	72	3.162	175	1126.75	497.7
BT20	drugC	1	1	72	10	104	1126.75	497.7
BT20	drugD	1	1	72	0.001	1196	1126.75	497.7
BT20	drugD	1	1	72	0.003162	1112	1126.75	497.7
BT20	drugD	1	1	72	0.01	954	1126.75	497.7
BT20	drugD	1	1	72	0.03162	808	1126.75	497.7
BT20	drugD	1	1	72	0.1	631	1126.75	497.7
BT20	drugD	1	1	72	0.3162	516	1126.75	497.7
BT20	drugD	1	1	72	1	462	1126.75	497.7
BT20	drugD	1	1	72	3.162	449	1126.75	497.7
BT20	drugD	1	1	72	10	516	1126.75	497.7
BT20	drugA	1	2	72	0.001	1046	1138.5	497.7
BT20	drugA	1	2	72	0.003162	1139	1138.5	497.7
BT20	drugA	1	2	72	0.01	1089	1138.5	497.7
BT20	drugA	1	2	72	0.03162	1041	1138.5	497.7
BT20	drugA	1	2	72	0.1	728	1138.5	497.7
BT20	drugA	1	2	72	0.3162	583	1138.5	497.7
BT20	drugA	1	2	72	1	526	1138.5	497.7
BT20	drugA	1	2	72	3.162	510	1138.5	497.7
BT20	drugA	1	2	72	10	491	1138.5	497.7
BT20	drugB	1	2	72	0.001	1060	1138.5	497.7
BT20	drugB	1	2	72	0.003162	1116	1138.5	497.7
BT20	drugB	1	2	72	0.01	1121	1138.5	497.7
BT20	drugB	1	2	72	0.03162	1031	1138.5	497.7
BT20	drugB	1	2	72	0.1	1217	1138.5	497.7
BT20	drugB	1	2	72	0.3162	1022	1138.5	497.7
BT20	drugB	1	2	72	1	1111	1138.5	497.7
BT20	drugB	1	2	72	3.162	1206	1138.5	497.7
BT20	drugB	1	2	72	10	1118	1138.5	497.7
BT20	drugC	1	2	72	0.001	1102	1138.5	497.7
BT20	drugC	1	2	72	0.003162	1135	1138.5	497.7
BT20	drugC	1	2	72	0.01	1136	1138.5	497.7
BT20	drugC	1	2	72	0.03162	1147	1138.5	497.7
BT20	drugC	1	2	72	0.1	1035	1138.5	497.7
BT20	drugC	1	2	72	0.3162	732	1138.5	497.7
BT20	drugC	1	2	72	1	402	1138.5	497.7
BT20	drugC	1	2	72	3.162	183	1138.5	497.7
BT20	drugC	1	2	72	10	102	1138.5	497.7
BT20	drugD	1	2	72	0.001	1108	1138.5	497.7
BT20	drugD	1	2	72	0.003162	1108	1138.5	497.7
BT20	drugD	1	2	72	0.01	974	1138.5	497.7
BT20	drugD	1	2	72	0.03162	763	1138.5	497.7
BT20	drugD	1	2	72	0.1	524	1138.5	497.7
BT20	drugD	1	2	72	0.3162	497	1138.5	497.7
BT20	drugD	1	2	72	1	504	1138.5	497.7
BT20	drugD	1	2	72	3.162	525	1138.5	497.7
BT20	drugD	1	2	72	10	436	1138.5	497.7
BT20	drugA	1	3	72	0.001	1130	1143.0	497.7
BT20	drugA	1	3	72	0.003162	1225	1143.0	497.7
BT20	drugA	1	3	72	0.01	1066	1143.0	497.7
BT20	drugA	1	3	72	0.03162	1015	1143.0	497.7
BT20	drugA	1	3	72	0.1	803	1143.0	497.7
BT20	drugA	1	3	72	0.3162	664	1143.0	497.7
BT20	drugA	1	3	72	1	497	1143.0	497.7
BT20	drugA	1	3	72	3.162	506	1143.0	497.7
BT20	drugA	1	3	72	10	512	1143.0	497.7
BT20	drugB	1	3	72	0.001	1092	1143.0	497.7
BT20	drugB	1	3	72	0.003162	1125	1143.0	497.7
BT20	drugB	1	3	72	0.01	1187	1143.0	497.7
BT20	drugB	1	3	72	0.03162	1190	1143.0	497.7
BT20	drugB	1	3	72	0.1	1131	1143.0	497.7
BT20	drugB	1	3	72	0.3162	1154	1143.0	497.7
BT20	drugB	1	3	72	1	1200	1143.0	497.7
BT20	drugB	1	3	72	3.162	1105	1143.0	497.7
BT20	drugB	1	3	72	10	1081	1143.0	497.7
BT20	drugC	1	3	72	0.001	1203	1143.0	497.7
BT20	drugC	1	3	72	0.003162	1222	1143.0	497.7
BT20	drugC	1	3	72	0.01	1068	1143.0	497.7
BT20	drugC	1	3	72	0.03162	1200	1143.0	497.7
BT20	drugC	1	3	72	0.1	1058	1143.0	497.7
BT20	drugC	1	3	72	0.3162	810	1143.0	497.7
BT20	drugC	1	3	72	1	416	1143.0	497.7
BT20	drugC	1	3	72	3.162	195	1143.0	497.7
BT20	drugC	1	3	72	10	108	1143.0	497.7
BT20	drugD	1	3	72	0.001	1156	1143.0	497.7
BT20	drugD	1	3	72	0.003162	1112	1143.0	497.7
BT20	drugD	1	3	72	0.01	983	1143.0	497.7
BT20	drugD	1	3	72	0.03162	754	1143.0	497.7
BT20	drugD	1	3	72	0.1	559	1143.0	497.7
BT20	drugD	1	3	72	0.3162	490	1143.0	497.7
BT20	drugD	1	3	72	1	440	1143.0	497.7
BT20	drugD	1	3	72	3.162	506	1143.0	497.7
BT20	drugD	1	3	72	10	506	1143.0	497.7
