cell_line	agent	perturbation	replicate	time	concentration	cell_count	cell_count__ctrl	cell_count__time0	GRvalue
BT20	drugA	0	1	48	0.001	1079	1135.75	492.8	0.916678670515181
BT20	drugA	0	1	48	0.003162	1033	1135.75	492.8	0.848594015073115
BT20	drugA	0	1	48	0.01	1006	1135.75	492.8	0.808392233431561
BT20	drugA	0	1	48	0.03162	1009	1135.75	492.8	0.812868063522893
BT20	drugA	0	1	48	0.1	768	1135.75	492.8	0.445326872273032
BT20	drugA	0	1	48	0.3162	569	1135.75	492.8	0.126774932682061
BT20	drugA	0	1	48	1	522	1135.75	492.8	0.0489483677706268
BT20	drugA	0	1	48	3.162	489	1135.75	492.8	-0.00640568493669491
BT20	drugA	0	1	48	10	508	1135.75	492.8	0.0255396513858128
BT20	drugA	0	1	72	0.001	1710	1766	492.8	0.965305500206009
BT20	drugA	0	1	72	0.003162	1796	1766	492.8	1.01837954511157
BT20	drugA	0	1	72	0.01	1691	1766	492.8	0.953416540961462
BT20	drugA	0	1	72	0.03162	1343	1766	492.8	0.7236614811491
BT20	drugA	0	1	72	0.1	1082	1766	492.8	0.532802880902722
BT20	drugA	0	1	72	0.3162	773	1766	492.8	0.27694840641929
BT20	drugA	0	1	72	1	585	1766	492.8	0.0976150315541431
BT20	drugA	0	1	72	3.162	581	1766	492.8	0.0935329321918117
BT20	drugA	0	1	72	10	510	1766	492.8	0.0188056298808399
BT20	drugA	0	2	48	0.001	1045	1195	492.8	0.800725173814926
BT20	drugA	0	2	48	0.003162	1189	1195	492.8	0.992137844601973
BT20	drugA	0	2	48	0.01	978	1195	492.8	0.70973483784127
BT20	drugA	0	2	48	0.03162	996	1195	492.8	0.734309610630162
BT20	drugA	0	2	48	0.1	764	1195	492.8	0.409314514504242
BT20	drugA	0	2	48	0.3162	609	1195	492.8	0.18018276663545
BT20	drugA	0	2	48	1	561	1195	492.8	0.106749323915702
BT20	drugA	0	2	48	3.162	490	1195	492.8	-0.00444884162079384
BT20	drugA	0	2	48	10	521	1195	492.8	0.0445060859722721
BT20	drugA	0	2	72	0.001	1740	1720.5	492.8	1.01253546889911
BT20	drugA	0	2	72	0.003162	1744	1720.5	492.8	1.01509909564587
BT20	drugA	0	2	72	0.01	1707	1720.5	492.8	0.991284480045756
BT20	drugA	0	2	72	0.03162	1386	1720.5	492.8	0.7740940250469
BT20	drugA	0	2	72	0.1	1064	1720.5	492.8	0.532214630504366
BT20	drugA	0	2	72	0.3162	698	1720.5	492.8	0.212876889991209
BT20	drugA	0	2	72	1	597	1720.5	492.8	0.11220151986804
BT20	drugA	0	2	72	3.162	532	1720.5	492.8	0.0433469567840745
BT20	drugA	0	2	72	10	493	1720.5	492.8	0.000224979418608884
BT20	drugA	0	3	48	0.001	1057	1102.75	492.8	0.928385553863275
BT20	drugA	0	3	48	0.003162	1139	1102.75	492.8	1.05644932728265
BT20	drugA	0	3	48	0.01	1026	1102.75	492.8	0.879614764959945
BT20	drugA	0	3	48	0.03162	952	1102.75	492.8	0.762347833663606
BT20	drugA	0	3	48	0.1	734	1102.75	492.8	0.408961140082593
BT20	drugA	0	3	48	0.3162	649	1102.75	492.8	0.267362387713421
BT20	drugA	0	3	48	1	553	1102.75	492.8	0.104269131147357
BT20	drugA	0	3	48	3.162	526	1102.75	492.8	0.0577105738295021
BT20	drugA	0	3	48	10	532	1102.75	492.8	0.068085150431745
BT20	drugA	0	3	72	0.001	1806	1720	492.8	1.05484970372822
BT20	drugA	0	3	72	0.003162	1743	1720	492.8	1.01478651934248
BT20	drugA	0	3	72	0.01	1462	1720	492.8	0.827640574393979
BT20	drugA	0	3	72	0.03162	1412	1720	492.8	0.792711416522459
BT20	drugA	0	3	72	0.1	1024	1720	492.8	0.500149076594364
BT20	drugA	0	3	72	0.3162	710	1720	492.8	0.22445081076024
BT20	drugA	0	3	72	1	549	1720	492.8	0.0617158250572383
BT20	drugA	0	3	72	3.162	557	1720	492.8	0.0702674299354789
BT20	drugA	0	3	72	10	522	1720	492.8	0.0324359042398781
BT20	drugA	1	1	48	0.001	853	863.25	497.7	0.970156285003787
BT20	drugA	1	1	48	0.003162	824	863.25	497.7	0.886224863633357
BT20	drugA	1	1	48	0.01	816	863.25	497.7	0.863204389078645
BT20	drugA	1	1	48	0.03162	763	863.25	497.7	0.712186978296759
BT20	drugA	1	1	48	0.1	688	863.25	497.7	0.503115549744408
BT20	drugA	1	1	48	0.3162	554	863.25	497.7	0.144406312343412
BT20	drugA	1	1	48	1	490	863.25	497.7	-0.0194336736159061
BT20	drugA	1	1	48	3.162	507	863.25	497.7	0.0235756528314803
BT20	drugA	1	1	48	10	554	863.25	497.7	0.144406312343412
BT20	drugA	1	1	72	0.001	1216	1126.75	497.7	1.13360509071359
BT20	drugA	1	1	72	0.003162	1025	1126.75	497.7	0.84570146540242
BT20	drugA	1	1	72	0.01	1040	1126.75	497.7	0.868589159565441
BT20	drugA	1	1	72	0.03162	994	1126.75	497.7	0.798238057300479
BT20	drugA	1	1	72	0.1	850	1126.75	497.7	0.574671419464569
BT20	drugA	1	1	72	0.3162	620	1126.75	497.7	0.204894007785653
BT20	drugA	1	1	72	1	577	1126.75	497.7	0.133621861445116
BT20	drugA	1	1	72	3.162	491	1126.75	497.7	-0.0114315597280135
BT20	drugA	1	1	72	10	536	1126.75	497.7	0.0649103597384679
BT20	drugA	1	2	48	0.001	849	868.75	497.7	0.943582646251433
BT20	drugA	1	2	48	0.003162	806	868.75	497.7	0.82186362702151
BT20	drugA	1	2	48	0.01	855	868.75	497.7	0.96068853985063
BT20	drugA	1	2	48	0.03162	811	868.75	497.7	0.835937200801487
BT20	drugA	1	2	48	0.1	692	868.75	497.7	0.506978941657256
BT20	drugA	1	2	48	0.3162	576	868.75	497.7	0.199380167521864
BT20	drugA	1	2	48	1	509	868.75	497.7	0.0283290426475289
BT20	drugA	1	2	48	3.162	509	868.75	497.7	0.0283290426475289
BT20	drugA	1	2	48	10	554	868.75	497.7	0.142647744493235
BT20	drugA	1	2	72	0.001	1046	1138.5	497.7	0.86295587668784
BT20	drugA	1	2	72	0.003162	1139	1138.5	497.7	1.00073574108022
BT20	drugA	1	2	72	0.01	1089	1138.5	497.7	0.926897554618501
BT20	drugA	1	2	72	0.03162	1041	1138.5	497.7	0.85549339663623
BT20	drugA	1	2	72	0.1	728	1138.5	497.7	0.375158907375592
BT20	drugA	1	2	72	0.3162	583	1138.5	497.7	0.141691501873648
BT20	drugA	1	2	72	1	526	1138.5	497.7	0.0474161608924826
BT20	drugA	1	2	72	3.162	510	1138.5	497.7	0.0206608042566392
BT20	drugA	1	2	72	10	491	1138.5	497.7	-0.0112890510058546
BT20	drugA	1	3	48	0.001	814	876	497.7	0.82786949354252
BT20	drugA	1	3	48	0.003162	941	876	497.7	1.1834393334939
BT20	drugA	1	3	48	0.01	854	876	497.7	0.938595534361207
BT20	drugA	1	3	48	0.03162	781	876	497.7	0.737439393862021
BT20	drugA	1	3	48	0.1	706	876	497.7	0.535160019544149
BT20	drugA	1	3	48	0.3162	543	876	497.7	0.112711601629259
BT20	drugA	1	3	48	1	512	876	497.7	0.0353394424957305
BT20	drugA	1	3	48	3.162	525	876	497.7	0.0676605469748117
BT20	drugA	1	3	48	10	528	876	497.7	0.0751451514962067
BT20	drugA	1	3	72	0.001	1130	1143	497.7	0.981017757802675
BT20	drugA	1	3	72	0.003162	1225	1143	497.7	1.11892609042202
BT20	drugA	1	3	72	0.01	1066	1143	497.7	0.887027101944921
BT20	drugA	1	3	72	0.03162	1015	1143	497.7	0.811455908993626
BT20	drugA	1	3	72	0.1	803	1143	497.7	0.490042732082399
BT20	drugA	1	3	72	0.3162	664	1143	497.7	0.271683923711446
BT20	drugA	1	3	72	1	497	1143	497.7	-0.0011727062772896
BT20	drugA	1	3	72	3.162	506	1143	497.7	0.0138841631617008
BT20	drugA	1	3	72	10	512	1143	497.7	0.0238973115140197
BT20	drugB	0	1	48	0.001	1049	1135.75	492.8	0.872332915631437
BT20	drugB	0	1	48	0.003162	1102	1135.75	492.8	0.95053523711187
BT20	drugB	0	1	48	0.01	1135	1135.75	492.8	0.998903520752604
BT20	drugB	0	1	48	0.03162	1145	1135.75	492.8	1.01351316331951
BT20	drugB	0	1	48	0.1	1105	1135.75	492.8	0.954942416279814
BT20	drugB	0	1	48	0.3162	1020	1135.75	492.8	0.82926016891528
BT20	drugB	0	1	48	1	1088	1135.75	492.8	0.929941347924342
BT20	drugB	0	1	48	3.162	1105	1135.75	492.8	0.954942416279814
BT20	drugB	0	1	48	10	1061	1135.75	492.8	0.890096728040648
BT20	drugB	0	1	72	0.001	1741	1766	492.8	0.984574452058433
BT20	drugB	0	1	72	0.003162	1762	1766	492.8	0.997538649618499
BT20	drugB	0	1	72	0.01	1632	1766	492.8	0.916103539948604
BT20	drugB	0	1	72	0.03162	1766	1766	492.8	1
BT20	drugB	0	1	72	0.1	1730	1766	492.8	0.977755165803382
BT20	drugB	0	1	72	0.3162	1723	1766	492.8	0.973405300860517
BT20	drugB	0	1	72	1	1837	1766	492.8	1.04327290062754
BT20	drugB	0	1	72	3.162	1757	1766	492.8	0.994458368344004
BT20	drugB	0	1	72	10	1663	1766	492.8	0.93578413147843
BT20	drugB	0	2	48	0.001	1097	1195	492.8	0.870470519817361
BT20	drugB	0	2	48	0.003162	1071	1195	492.8	0.835689917564563
BT20	drugB	0	2	48	0.01	1095	1195	492.8	0.867801504087598
BT20	drugB	0	2	48	0.03162	1126	1195	492.8	0.909053514955562
BT20	drugB	0	2	48	0.1	1261	1195	492.8	1.08592857727528
BT20	drugB	0	2	48	0.3162	1081	1195	492.8	0.849088568406609
BT20	drugB	0	2	48	1	1180	1195	492.8	0.980328407018096
BT20	drugB	0	2	48	3.162	1182	1195	492.8	0.982954414430254
BT20	drugB	0	2	48	10	1172	1195	492.8	0.969814675417745
BT20	drugB	0	2	72	0.001	1715	1720.5	492.8	0.996452924334734
BT20	drugB	0	2	72	0.003162	1707	1720.5	492.8	0.991284480045756
BT20	drugB	0	2	72	0.01	1664	1720.5	492.8	0.963317117376291
BT20	drugB	0	2	72	0.03162	1678	1720.5	492.8	0.972457752133588
BT20	drugB	0	2	72	0.1	1642	1720.5	492.8	0.948883733159509
BT20	drugB	0	2	72	0.3162	1779	1720.5	492.8	1.03742006920349
BT20	drugB	0	2	72	1	1751	1720.5	492.8	1.01957914631653
BT20	drugB	0	2	72	3.162	1663	1720.5	492.8	0.962662906061323
BT20	drugB	0	2	72	10	1663	1720.5	492.8	0.962662906061323
BT20	drugB	0	3	48	0.001	1125	1102.75	492.8	1.03467833903258
BT20	drugB	0	3	48	0.003162	1201	1102.75	492.8	1.15242252553601
BT20	drugB	0	3	48	0.01	1102	1102.75	492.8	0.998829377539915
BT20	drugB	0	3	48	0.03162	1116	1102.75	492.8	1.02066277077488
BT20	drugB	0	3	48	0.1	1051	1102.75	492.8	0.918961789748064
BT20	drugB	0	3	48	0.3162	1065	1102.75	492.8	0.940938982571335
BT20	drugB	0	3	48	1	1124	1102.75	492.8	1.03312182792676
BT20	drugB	0	3	48	3.162	1090	1102.75	492.8	0.980084250176915
BT20	drugB	0	3	48	10	1075	1102.75	492.8	0.956612300635008
BT20	drugB	0	3	72	0.001	1688	1720	492.8	0.979280108642907
BT20	drugB	0	3	72	0.003162	1665	1720	492.8	0.964279422214666
BT20	drugB	0	3	72	0.01	1595	1720	492.8	0.918047441756324
BT20	drugB	0	3	72	0.03162	1786	1720	492.8	1.04219966937072
BT20	drugB	0	3	72	0.1	1568	1720	492.8	0.899974285450802
BT20	drugB	0	3	72	0.3162	1535	1720	492.8	0.877695514470531
BT20	drugB	0	3	72	1	1619	1720	492.8	0.933998376393947
BT20	drugB	0	3	72	3.162	1620	1720	492.8	0.934660704604436
BT20	drugB	0	3	72	10	1770	1720	492.8	1.03203414138622
BT20	drugB	1	1	48	0.001	787	863.25	497.7	0.78024705929721
BT20	drugB	1	1	48	0.003162	846	863.25	497.7	0.949828382174053
BT20	drugB	1	1	48	0.01	828	863.25	497.7	0.89775683251247
BT20	drugB	1	1	48	0.03162	882	863.25	497.7	1.05482913629289
BT20	drugB	1	1	48	0.1	800	863.25	497.7	0.81733877284021
BT20	drugB	1	1	48	0.3162	830	863.25	497.7	0.903528227093074
BT20	drugB	1	1	48	1	854	863.25	497.7	0.973063803255695
BT20	drugB	1	1	48	3.162	907	863.25	497.7	1.12840412719912
BT20	drugB	1	1	48	10	934	863.25	497.7	1.20845612882057
BT20	drugB	1	1	72	0.001	1074	1126.75	497.7	0.920284014005148
BT20	drugB	1	1	72	0.003162	1192	1126.75	497.7	1.09782848508772
BT20	drugB	1	1	72	0.01	1097	1126.75	497.7	0.955113060901509
BT20	drugB	1	1	72	0.03162	1242	1126.75	497.7	1.17224245338341
BT20	drugB	1	1	72	0.1	1077	1126.75	497.7	0.924833300971131
BT20	drugB	1	1	72	0.3162	1077	1126.75	497.7	0.924833300971131
BT20	drugB	1	1	72	1	1115	1126.75	497.7	0.982293290588782
BT20	drugB	1	1	72	3.162	1092	1126.75	497.7	0.947551030105879
BT20	drugB	1	1	72	10	1051	1126.75	497.7	0.885341629671677
BT20	drugB	1	2	48	0.001	805	868.75	497.7	0.819051466577702
BT20	drugB	1	2	48	0.003162	881	868.75	497.7	1.0351512790394
BT20	drugB	1	2	48	0.01	927	868.75	497.7	1.16820573307862
BT20	drugB	1	2	48	0.03162	914	868.75	497.7	1.13043616759858
BT20	drugB	1	2	48	0.1	878	868.75	497.7	1.02653169473509
BT20	drugB	1	2	48	0.3162	892	868.75	497.7	1.06681765591983
BT20	drugB	1	2	48	1	818	868.75	497.7	0.855675820247906
BT20	drugB	1	2	48	3.162	856	868.75	497.7	0.963542379934103
BT20	drugB	1	2	48	10	880	868.75	497.7	1.0322772862936
BT20	drugB	1	2	72	0.001	1060	1138.5	497.7	0.883820129017358
BT20	drugB	1	2	72	0.003162	1116	1138.5	497.7	0.966836951302031
BT20	drugB	1	2	72	0.01	1121	1138.5	497.7	0.974215823787763
BT20	drugB	1	2	72	0.03162	1031	1138.5	497.7	0.840550941998047
BT20	drugB	1	2	72	0.1	1217	1138.5	497.7	1.11488565784683
BT20	drugB	1	2	72	0.3162	1022	1138.5	497.7	0.827082608995253
BT20	drugB	1	2	72	1	1111	1138.5	497.7	0.959452710337544
BT20	drugB	1	2	72	3.162	1206	1138.5	497.7	1.09886124497267
BT20	drugB	1	2	72	10	1118	1138.5	497.7	0.969789142949709
BT20	drugB	1	3	48	0.001	897	876	497.7	1.05893953374513
BT20	drugB	1	3	48	0.003162	851	876	497.7	0.930249661372453
BT20	drugB	1	3	48	0.01	952	876	497.7	1.21477288081556
BT20	drugB	1	3	48	0.03162	850	876	497.7	0.927469179897149
BT20	drugB	1	3	48	0.1	876	876	497.7	1
BT20	drugB	1	3	48	0.3162	812	876	497.7	0.822364917549327
BT20	drugB	1	3	48	1	855	876	497.7	0.94137896597969
BT20	drugB	1	3	48	3.162	908	876	497.7	1.08993778108616
BT20	drugB	1	3	48	10	924	876	497.7	1.13517764697113
BT20	drugB	1	3	72	0.001	1092	1143	497.7	0.925320939696562
BT20	drugB	1	3	72	0.003162	1125	1143	497.7	0.97370724235113
BT20	drugB	1	3	72	0.01	1187	1143	497.7	1.06398417025823
BT20	drugB	1	3	72	0.03162	1190	1143	497.7	1.06833221238538
BT20	drugB	1	3	72	0.1	1131	1143	497.7	0.982479214702386
BT20	drugB	1	3	72	0.3162	1154	1143	497.7	1.01603386058594
BT20	drugB	1	3	72	1	1200	1143	497.7	1.08281255327255
BT20	drugB	1	3	72	3.162	1105	1143	497.7	0.94441084352195
BT20	drugB	1	3	72	10	1081	1143	497.7	0.909138415552903
BT20	drugC	0	1	48	0.001	1144	1135.75	492.8	1.01205317712659
BT20	drugC	0	1	48	0.003162	1091	1135.75	492.8	0.93435809394719
BT20	drugC	0	1	48	0.01	1104	1135.75	492.8	0.953473582606096
BT20	drugC	0	1	48	0.03162	1081	1135.75	492.8	0.919627550473232
BT20	drugC	0	1	48	0.1	967	1135.75	492.8	0.749997171722856
BT20	drugC	0	1	48	0.3162	760	1135.75	492.8	0.432817142400916
BT20	drugC	0	1	48	1	401	1135.75	492.8	-0.157290592197105
BT20	drugC	0	1	48	3.162	185	1135.75	492.8	-0.556633265649007
BT20	drugC	0	1	48	10	114	1135.75	492.8	-0.703376437247322
BT20	drugC	0	1	72	0.001	1765	1766	492.8	0.999384901430103
BT20	drugC	0	1	72	0.003162	1720	1766	492.8	0.971538601557448
BT20	drugC	0	1	72	0.01	1609	1766	492.8	0.901391204538873
BT20	drugC	0	1	72	0.03162	1724	1766	492.8	0.974027203875227
BT20	drugC	0	1	72	0.1	1513	1766	492.8	0.838918307604344
BT20	drugC	0	1	72	0.3162	1087	1766	492.8	0.536645439901554
BT20	drugC	0	1	72	1	549	1766	492.8	0.0604018826396
BT20	drugC	0	1	72	3.162	217	1766	492.8	-0.359446445138976
BT20	drugC	0	1	72	10	72	1766	492.8	-0.648148210469929
BT20	drugC	0	2	48	0.001	1070	1195	492.8	0.834348559568458
BT20	drugC	0	2	48	0.003162	1177	1195	492.8	0.976387579918888
BT20	drugC	0	2	48	0.01	1084	1195	492.8	0.853102898465378
BT20	drugC	0	2	48	0.03162	1111	1195	492.8	0.889124133847657
BT20	drugC	0	2	48	0.1	908	1195	492.8	0.613208167281961
BT20	drugC	0	2	48	0.3162	710	1195	492.8	0.330750575856461
BT20	drugC	0	2	48	1	413	1195	492.8	-0.129106178520107
BT20	drugC	0	2	48	3.162	181	1195	492.8	-0.543318255404546
BT20	drugC	0	2	48	10	102	1195	492.8	-0.708454104557996
BT20	drugC	0	2	72	0.001	1625	1720.5	492.8	0.937671551919579
BT20	drugC	0	2	72	0.003162	1712	1720.5	492.8	0.99451601927799
BT20	drugC	0	2	72	0.01	1763	1720.5	492.8	1.02724070774175
BT20	drugC	0	2	72	0.03162	1603	1720.5	492.8	0.923083783837231
BT20	drugC	0	2	72	0.1	1459	1720.5	492.8	0.825304560987375
BT20	drugC	0	2	72	0.3162	1155	1720.5	492.8	0.603535567561027
BT20	drugC	0	2	72	1	502	1720.5	492.8	0.0103073218877492
BT20	drugC	0	2	72	3.162	201	1720.5	492.8	-0.391759283151592
BT20	drugC	0	2	72	10	81	1720.5	492.8	-0.632507971172928
BT20	drugC	0	3	48	0.001	1181	1102.75	492.8	1.12154064605535
BT20	drugC	0	3	48	0.003162	1071	1102.75	492.8	0.950345423531827
BT20	drugC	0	3	48	0.01	1173	1102.75	492.8	1.10916752978619
BT20	drugC	0	3	48	0.03162	1085	1102.75	492.8	0.972265301710492
BT20	drugC	0	3	48	0.1	967	1102.75	492.8	0.786217892782299
BT20	drugC	0	3	48	0.3162	677	1102.75	492.8	0.314277084090768
BT20	drugC	0	3	48	1	423	1102.75	492.8	-0.123163438014461
BT20	drugC	0	3	48	3.162	187	1102.75	492.8	-0.5656392640658
BT20	drugC	0	3	48	10	105	1102.75	492.8	-0.735668597410227
BT20	drugC	0	3	72	0.001	1682	1720	492.8	0.975375710557297
BT20	drugC	0	3	72	0.003162	1587	1720	492.8	0.91270673833719
BT20	drugC	0	3	72	0.01	1659	1720	492.8	0.96035104607236
BT20	drugC	0	3	72	0.03162	1806	1720	492.8	1.05484970372822
BT20	drugC	0	3	72	0.1	1417	1720	492.8	0.796228861668091
BT20	drugC	0	3	72	0.3162	1071	1720	492.8	0.537948902803394
BT20	drugC	0	3	72	1	545	1720	492.8	0.0574192107218829
BT20	drugC	0	3	72	3.162	219	1720	492.8	-0.362206067429766
BT20	drugC	0	3	72	10	88	1720	492.8	-0.615312079593009
BT20	drugC	1	1	48	0.001	894	863.25	497.7	1.09007874404864
BT20	drugC	1	1	48	0.003162	890	863.25	497.7	1.07831519266484
BT20	drugC	1	1	48	0.01	811	863.25	497.7	0.848846171905255
BT20	drugC	1	1	48	0.03162	864	863.25	497.7	1.00218730042757
BT20	drugC	1	1	48	0.1	734	863.25	497.7	0.630684810301024
BT20	drugC	1	1	48	0.3162	595	863.25	497.7	0.252009021816494
BT20	drugC	1	1	48	1	348	863.25	497.7	-0.362587767895123
BT20	drugC	1	1	48	3.162	197	863.25	497.7	-0.688547664326096
BT20	drugC	1	1	48	10	166	863.25	497.7	-0.748926589962347
BT20	drugC	1	1	72	0.001	1182	1126.75	497.7	1.08288941090835
BT20	drugC	1	1	72	0.003162	1057	1126.75	497.7	0.894468118533457
BT20	drugC	1	1	72	0.01	1082	1126.75	497.7	0.93241117812352
BT20	drugC	1	1	72	0.03162	1087	1126.75	497.7	0.939983745128
BT20	drugC	1	1	72	0.1	953	1126.75	497.7	0.73511675204119
BT20	drugC	1	1	72	0.3162	768	1126.75	497.7	0.44482585676144
BT20	drugC	1	1	72	1	415	1126.75	497.7	-0.142859463127142
BT20	drugC	1	1	72	3.162	175	1126.75	497.7	-0.587970265140175
BT20	drugC	1	1	72	10	104	1126.75	497.7	-0.735023544751693
BT20	drugC	1	2	48	0.001	897	868.75	497.7	1.08124310252773
BT20	drugC	1	2	48	0.003162	882	868.75	497.7	1.03802606884995
BT20	drugC	1	2	48	0.01	872	868.75	497.7	1.0093141210718
BT20	drugC	1	2	48	0.03162	844	868.75	497.7	0.929350269119865
BT20	drugC	1	2	48	0.1	733	868.75	497.7	0.618870267783179
BT20	drugC	1	2	48	0.3162	601	868.75	497.7	0.264493709965647
BT20	drugC	1	2	48	1	339	868.75	497.7	-0.379858718263328
BT20	drugC	1	2	48	3.162	203	868.75	497.7	-0.672372408421074
BT20	drugC	1	2	48	10	150	868.75	497.7	-0.775160040805576
BT20	drugC	1	2	72	0.001	1102	1138.5	497.7	0.946147458186933
BT20	drugC	1	2	72	0.003162	1135	1138.5	497.7	0.994848342242181
BT20	drugC	1	2	72	0.01	1136	1138.5	497.7	0.996320507262204
BT20	drugC	1	2	72	0.03162	1147	1138.5	497.7	1.01250048646675
BT20	drugC	1	2	72	0.1	1035	1138.5	497.7	0.846530734482983
BT20	drugC	1	2	72	0.3162	732	1138.5	497.7	0.381485381087361
BT20	drugC	1	2	72	1	402	1138.5	497.7	-0.163794432698243
BT20	drugC	1	2	72	3.162	183	1138.5	497.7	-0.567468188500787
BT20	drugC	1	2	72	10	102	1138.5	497.7	-0.734921513011427
BT20	drugC	1	3	48	0.001	786	876	497.7	0.75108635553607
BT20	drugC	1	3	48	0.003162	808	876	497.7	0.811364961615722
BT20	drugC	1	3	48	0.01	821	876	497.7	0.847159549890385
BT20	drugC	1	3	48	0.03162	890	876	497.7	1.03925799589452
BT20	drugC	1	3	48	0.1	776	876	497.7	0.723812164127156
BT20	drugC	1	3	48	0.3162	608	876	497.7	0.278157200922336
BT20	drugC	1	3	48	1	351	876	497.7	-0.348277397111663
BT20	drugC	1	3	48	3.162	198	876	497.7	-0.676982937159182
BT20	drugC	1	3	48	10	153	876	497.7	-0.764525116420593
BT20	drugC	1	3	72	0.001	1203	1143	497.7	1.08715273613264
BT20	drugC	1	3	72	0.003162	1222	1143	497.7	1.1145989845327
BT20	drugC	1	3	72	0.01	1068	1143	497.7	0.889978251743921
BT20	drugC	1	3	72	0.03162	1200	1143	497.7	1.08281255327255
BT20	drugC	1	3	72	0.1	1058	1143	497.7	0.875213273075508
BT20	drugC	1	3	72	0.3162	810	1143	497.7	0.500863931469639
BT20	drugC	1	3	72	1	416	1143	497.7	-0.13885466800789
BT20	drugC	1	3	72	3.162	195	1143	497.7	-0.542130923243334
BT20	drugC	1	3	72	10	108	1143	497.7	-0.720227055826852
BT20	drugD	0	1	48	0.001	1227	1135.75	492.8	1.13251474227996
BT20	drugD	0	1	48	0.003162	1040	1135.75	492.8	0.858987411522727
BT20	drugD	0	1	48	0.01	965	1135.75	492.8	0.746991893109888
BT20	drugD	0	1	48	0.03162	728	1135.75	492.8	0.382551564165875
BT20	drugD	0	1	48	0.1	628	1135.75	492.8	0.222947534044249
BT20	drugD	0	1	48	0.3162	475	1135.75	492.8	-0.0300791751542914
BT20	drugD	0	1	48	1	472	1135.75	492.8	-0.03516738366098
BT20	drugD	0	1	48	3.162	446	1135.75	492.8	-0.0794998934047741
BT20	drugD	0	1	48	10	439	1135.75	492.8	-0.0915097149154073
BT20	drugD	0	1	72	0.001	1676	1766	492.8	0.94398734186436
BT20	drugD	0	1	72	0.003162	1512	1766	492.8	0.8382581641388
BT20	drugD	0	1	72	0.01	1288	1766	492.8	0.684961157065226
BT20	drugD	0	1	72	0.03162	1029	1766	492.8	0.491561300377316
BT20	drugD	0	1	72	0.1	648	1766	492.8	0.160305583861822
BT20	drugD	0	1	72	0.3162	510	1766	492.8	0.0188056298808399
BT20	drugD	0	1	72	1	451	1766	492.8	-0.0469947455735938
BT20	drugD	0	1	72	3.162	420	1766	492.8	-0.0831466260913577
BT20	drugD	0	1	72	10	475	1766	492.8	-0.0197802388277404
BT20	drugD	0	2	48	0.001	1138	1195	492.8	0.924955460634118
BT20	drugD	0	2	48	0.003162	1078	1195	492.8	0.845071814660551
BT20	drugD	0	2	48	0.01	944	1195	492.8	0.663045056708652
BT20	drugD	0	2	48	0.03162	717	1195	492.8	0.341006223251643
BT20	drugD	0	2	48	0.1	626	1195	492.8	0.205884715820261
BT20	drugD	0	2	48	0.3162	523	1195	492.8	0.0476423523166669
BT20	drugD	0	2	48	1	519	1195	492.8	0.0413672000943779
BT20	drugD	0	2	48	3.162	486	1195	492.8	-0.0108139363432032
BT20	drugD	0	2	48	10	442	1195	492.8	-0.0816091263387317
BT20	drugD	0	2	72	0.001	1776	1720.5	492.8	1.03551455619502
BT20	drugD	0	2	72	0.003162	1594	1720.5	492.8	0.917090368904514
BT20	drugD	0	2	72	0.01	1402	1720.5	492.8	0.785419172905772
BT20	drugD	0	2	72	0.03162	933	1720.5	492.8	0.424575868854387
BT20	drugD	0	2	72	0.1	675	1720.5	492.8	0.19055453899036
BT20	drugD	0	2	72	0.3162	517	1720.5	492.8	0.0269339439957166
BT20	drugD	0	2	72	1	468	1720.5	492.8	-0.0282206222343135
BT20	drugD	0	2	72	3.162	467	1720.5	492.8	-0.0293723544135525
BT20	drugD	0	2	72	10	446	1720.5	492.8	-0.0538181004847887
BT20	drugD	0	3	48	0.001	1224	1102.75	492.8	1.18784821856355
BT20	drugD	0	3	48	0.003162	1048	1102.75	492.8	0.914247096504568
BT20	drugD	0	3	48	0.01	922	1102.75	492.8	0.714449246896341
BT20	drugD	0	3	48	0.03162	702	1102.75	492.8	0.35593678974654
BT20	drugD	0	3	48	0.1	556	1102.75	492.8	0.109422475503136
BT20	drugD	0	3	48	0.3162	465	1102.75	492.8	-0.048741455018942
BT20	drugD	0	3	48	1	476	1102.75	492.8	-0.0294079822433435
BT20	drugD	0	3	48	3.162	448	1102.75	492.8	-0.0787467424759711
BT20	drugD	0	3	48	10	443	1102.75	492.8	-0.0876018191994713
BT20	drugD	0	3	72	0.001	1709	1720	492.8	0.992897061121751
BT20	drugD	0	3	72	0.003162	1568	1720	492.8	0.899974285450802
BT20	drugD	0	3	72	0.01	1413	1720	492.8	0.793415348881171
BT20	drugD	0	3	72	0.03162	886	1720	492.8	0.384437362719956
BT20	drugD	0	3	72	0.1	635	1720	492.8	0.150946790704479
BT20	drugD	0	3	72	0.3162	468	1720	492.8	-0.0282270908427371
BT20	drugD	0	3	72	1	464	1720	492.8	-0.0328416696298695
BT20	drugD	0	3	72	3.162	431	1720	492.8	-0.071610766107131
BT20	drugD	0	3	72	10	475	1720	492.8	-0.020193646337595
BT20	drugD	1	1	48	0.001	873	863.25	497.7	1.02847312554297
BT20	drugD	1	1	48	0.003162	845	863.25	497.7	0.946927937448441
BT20	drugD	1	1	48	0.01	750	863.25	497.7	0.67555056748017
BT20	drugD	1	1	48	0.03162	628	863.25	497.7	0.34002711165166
BT20	drugD	1	1	48	0.1	536	863.25	497.7	0.0978043358339797
BT20	drugD	1	1	48	0.3162	499	863.25	497.7	0.00328872287152215
BT20	drugD	1	1	48	1	536	863.25	497.7	0.0978043358339797
BT20	drugD	1	1	48	3.162	482	863.25	497.7	-0.0395409931229972
BT20	drugD	1	1	48	10	482	863.25	497.7	-0.0395409931229972
BT20	drugD	1	1	72	0.001	1196	1126.75	497.7	1.1037987846222
BT20	drugD	1	1	72	0.003162	1112	1126.75	497.7	0.977767902566988
BT20	drugD	1	1	72	0.01	954	1126.75	497.7	0.736661131672283
BT20	drugD	1	1	72	0.03162	808	1126.75	497.7	0.508414796215375
BT20	drugD	1	1	72	0.1	631	1126.75	497.7	0.223004147195094
BT20	drugD	1	1	72	0.3162	516	1126.75	497.7	0.031105716926064
BT20	drugD	1	1	72	1	462	1126.75	497.7	-0.0611895246851571
BT20	drugD	1	1	72	3.162	449	1126.75	497.7	-0.0836473734829862
BT20	drugD	1	1	72	10	516	1126.75	497.7	0.031105716926064
BT20	drugD	1	2	48	0.001	865	868.75	497.7	0.989263511535737
BT20	drugD	1	2	48	0.003162	849	868.75	497.7	0.943582646251433
BT20	drugD	1	2	48	0.01	743	868.75	497.7	0.646396948277475
BT20	drugD	1	2	48	0.03162	581	868.75	497.7	0.212348637722903
BT20	drugD	1	2	48	0.1	534	868.75	497.7	0.0915477831117582
BT20	drugD	1	2	48	0.3162	503	868.75	497.7	0.0132677227929645
BT20	drugD	1	2	48	1	498	868.75	497.7	0.000750085377684284
BT20	drugD	1	2	48	3.162	443	868.75	497.7	-0.13486612165059
BT20	drugD	1	2	48	10	478	868.75	497.7	-0.0490114332070247
BT20	drugD	1	2	72	0.001	1108	1138.5	497.7	0.955019577213754
BT20	drugD	1	2	72	0.003162	1108	1138.5	497.7	0.955019577213754
BT20	drugD	1	2	72	0.01	974	1138.5	497.7	0.754921161566665
BT20	drugD	1	2	72	0.03162	763	1138.5	497.7	0.430328016146568
BT20	drugD	1	2	72	0.1	524	1138.5	497.7	0.0440790453355822
BT20	drugD	1	2	72	0.3162	497	1138.5	497.7	-0.00117829360144406
BT20	drugD	1	2	72	1	504	1138.5	497.7	0.0105925904323307
BT20	drugD	1	2	72	3.162	525	1138.5	497.7	0.045747861071525
BT20	drugD	1	2	72	10	436	1138.5	497.7	-0.104945043001973
BT20	drugD	1	3	48	0.001	925	876	497.7	1.13801105363823
BT20	drugD	1	3	48	0.003162	898	876	497.7	1.06175402313434
BT20	drugD	1	3	48	0.01	710	876	497.7	0.545830409187649
BT20	drugD	1	3	48	0.03162	624	876	497.7	0.319516712018314
BT20	drugD	1	3	48	0.1	516	876	497.7	0.0452648658505099
BT20	drugD	1	3	48	0.3162	500	876	497.7	0.00566866037273916
BT20	drugD	1	3	48	1	502	876	497.7	0.0106027239708386
BT20	drugD	1	3	48	3.162	481	876	497.7	-0.0409805883067674
BT20	drugD	1	3	48	10	456	876	497.7	-0.101727270388569
BT20	drugD	1	3	72	0.001	1156	1143	497.7	1.01894637105485
BT20	drugD	1	3	72	0.003162	1112	1143	497.7	0.954674534480731
BT20	drugD	1	3	72	0.01	983	1143	497.7	0.763717171897866
BT20	drugD	1	3	72	0.03162	754	1143	497.7	0.413845510610635
BT20	drugD	1	3	72	0.1	559	1143	497.7	0.101679152213949
BT20	drugD	1	3	72	0.3162	490	1143	497.7	-0.0129149534304853
BT20	drugD	1	3	72	1	440	1143	497.7	-0.097629776916477
BT20	drugD	1	3	72	3.162	506	1143	497.7	0.0138841631617008
BT20	drugD	1	3	72	10	506	1143	497.7	0.0138841631617008
MCF10A	drugA	0	1	48	0.001	1131	1212.5	299.5	0.932192640069223
MCF10A	drugA	0	1	48	0.003162	1205	1212.5	299.5	0.993858057694801
MCF10A	drugA	0	1	48	0.01	1021	1212.5	299.5	0.836636259138623
MCF10A	drugA	0	1	48	0.03162	743	1212.5	299.5	0.568911721218325
MCF10A	drugA	0	1	48	0.1	459	1212.5	299.5	0.235692165877984
MCF10A	drugA	0	1	48	0.3162	318	1212.5	299.5	0.0301564060030275
MCF10A	drugA	0	1	48	1	284	1212.5	299.5	-0.0259975765670643
MCF10A	drugA	0	1	48	3.162	274	1212.5	299.5	-0.0431516341588126
MCF10A	drugA	0	1	48	10	249	1212.5	299.5	-0.087471872664457
MCF10A	drugA	0	1	72	0.001	2158	2350.75	299.5	0.943257650346804
MCF10A	drugA	0	1	72	0.003162	2258	2350.75	299.5	0.973097593354165
MCF10A	drugA	0	1	72	0.01	1851	2350.75	299.5	0.845481968441592
MCF10A	drugA	0	1	72	0.03162	1373	2350.75	299.5	0.669030718944061
MCF10A	drugA	0	1	72	0.1	723	2350.75	299.5	0.345120190671403
MCF10A	drugA	0	1	72	0.3162	358	2350.75	299.5	0.0618611865885119
MCF10A	drugA	0	1	72	1	301	2350.75	299.5	0.00168210570555782
MCF10A	drugA	0	1	72	3.162	286	2350.75	299.5	-0.0153967114610448
MCF10A	drugA	0	1	72	10	258	2350.75	299.5	-0.0489402210917338
MCF10A	drugA	0	2	48	0.001	1301	1168.25	299.5	1.11267412505226
MCF10A	drugA	0	2	48	0.003162	1038	1168.25	299.5	0.883157092345939
MCF10A	drugA	0	2	48	0.01	928	1168.25	299.5	0.778740009459771
MCF10A	drugA	0	2	48	0.03162	706	1168.25	299.5	0.547547442047938
MCF10A	drugA	0	2	48	0.1	479	1168.25	299.5	0.270144644653335
MCF10A	drugA	0	2	48	0.3162	342	1168.25	299.5	0.0699093362166503
MCF10A	drugA	0	2	48	1	294	1168.25	299.5	-0.00939413164176428
MCF10A	drugA	0	2	48	3.162	264	1168.25	299.5	-0.0622276729434774
MCF10A	drugA	0	2	48	10	288	1168.25	299.5	-0.0197411842334729
MCF10A	drugA	0	2	72	0.001	2396	2408.5	299.5	0.996542672726102
MCF10A	drugA	0	2	72	0.003162	2162	2408.5	299.5	0.929472930591636
MCF10A	drugA	0	2	72	0.01	1799	2408.5	299.5	0.8150848467567
MCF10A	drugA	0	2	72	0.03162	1329	2408.5	299.5	0.641235696318994
MCF10A	drugA	0	2	72	0.1	713	2408.5	299.5	0.334291791973323
MCF10A	drugA	0	2	72	0.3162	397	2408.5	299.5	0.0982369668015195
MCF10A	drugA	0	2	72	1	274	2408.5	299.5	-0.0291546230070436
MCF10A	drugA	0	2	72	3.162	247	2408.5	299.5	-0.0620716069595728
MCF10A	drugA	0	2	72	10	235	2408.5	299.5	-0.0774753442051098
MCF10A	drugA	1	1	48	0.001	717	811.75	302.5	0.833071194767757
MCF10A	drugA	1	1	48	0.003162	730	811.75	302.5	0.856346640041005
MCF10A	drugA	1	1	48	0.01	639	811.75	302.5	0.690661250091473
MCF10A	drugA	1	1	48	0.03162	555	811.75	302.5	0.531357425935361
MCF10A	drugA	1	1	48	0.1	364	811.75	302.5	0.138780040605247
MCF10A	drugA	1	1	48	0.3162	310	811.75	302.5	0.0173462672706868
MCF10A	drugA	1	1	48	1	308	811.75	302.5	0.0127329355669334
MCF10A	drugA	1	1	48	3.162	306	811.75	302.5	0.00811067398606791
MCF10A	drugA	1	1	48	10	255	811.75	302.5	-0.113033283447157
MCF10A	drugA	1	1	72	0.001	1285	1317	302.5	0.976953021970128
MCF10A	drugA	1	1	72	0.003162	1208	1317	302.5	0.920220836757636
MCF10A	drugA	1	1	72	0.01	1065	1317	302.5	0.809541140455076
MCF10A	drugA	1	1	72	0.03162	788	1317	302.5	0.570090512571481
MCF10A	drugA	1	1	72	0.1	528	1317	302.5	0.300130415520739
MCF10A	drugA	1	1	72	0.3162	304	1317	302.5	0.00233346534066192
MCF10A	drugA	1	1	72	1	286	1317	302.5	-0.0260830704154361
MCF10A	drugA	1	1	72	3.162	246	1317	302.5	-0.0928252208659317
MCF10A	drugA	1	1	72	10	294	1317	302.5	-0.013340087642099
MCF10A	drugA	1	2	48	0.001	766	796.25	302.5	0.945285151744726
MCF10A	drugA	1	2	48	0.003162	729	796.25	302.5	0.877519234560416
MCF10A	drugA	1	2	48	0.01	679	796.25	302.5	0.784368382616959
MCF10A	drugA	1	2	48	0.03162	545	796.25	302.5	0.524431617347158
MCF10A	drugA	1	2	48	0.1	394	796.25	302.5	0.208362424331269
MCF10A	drugA	1	2	48	0.3162	340	796.25	302.5	0.0872988966042454
MCF10A	drugA	1	2	48	1	295	796.25	302.5	-0.0178198117025747
MCF10A	drugA	1	2	48	3.162	291	796.25	302.5	-0.0273762132425535
MCF10A	drugA	1	2	48	10	265	796.25	302.5	-0.0904344295590923
MCF10A	drugA	1	2	72	0.001	1213	1271.25	302.5	0.955218199292613
MCF10A	drugA	1	2	72	0.003162	1158	1271.25	302.5	0.911902232905309
MCF10A	drugA	1	2	72	0.01	1063	1271.25	302.5	0.834498490412906
MCF10A	drugA	1	2	72	0.03162	770	1271.25	302.5	0.570017467284252
MCF10A	drugA	1	2	72	0.1	463	1271.25	302.5	0.22814242439775
MCF10A	drugA	1	2	72	0.3162	343	1271.25	302.5	0.0625415437633243
MCF10A	drugA	1	2	72	1	268	1271.25	302.5	-0.0567883870650192
MCF10A	drugA	1	2	72	3.162	283	1271.25	302.5	-0.0316592495336118
MCF10A	drugA	1	2	72	10	259	1271.25	302.5	-0.0722162725270872
MCF10A	drugB	0	1	48	0.001	1088	1212.5	299.5	0.895422297300725
MCF10A	drugB	0	1	48	0.003162	1215	1212.5	299.5	1.0020430543378
MCF10A	drugB	0	1	48	0.01	1227	1212.5	299.5	1.01182033507968
MCF10A	drugB	0	1	48	0.03162	1075	1212.5	299.5	0.884161942324139
MCF10A	drugB	0	1	48	0.1	1125	1212.5	299.5	0.927104741470698
MCF10A	drugB	0	1	48	0.3162	967	1212.5	299.5	0.787825144787021
MCF10A	drugB	0	1	48	1	766	1212.5	299.5	0.592801033746878
MCF10A	drugB	0	1	48	3.162	531	1212.5	299.5	0.328247418331466
MCF10A	drugB	0	1	48	10	322	1212.5	299.5	0.036559388524612
MCF10A	drugB	0	1	72	0.001	2378	2350.75	299.5	1.00776973677529
MCF10A	drugB	0	1	72	0.003162	2525	2350.75	299.5	1.04869559377251
MCF10A	drugB	0	1	72	0.01	2330	2350.75	299.5	0.994043418497514
MCF10A	drugB	0	1	72	0.03162	2378	2350.75	299.5	1.00776973677529
MCF10A	drugB	0	1	72	0.1	2394	2350.75	299.5	1.01230428651121
MCF10A	drugB	0	1	72	0.3162	1992	2350.75	299.5	0.891628246578709
MCF10A	drugB	0	1	72	1	1524	2350.75	299.5	0.72865734782004
MCF10A	drugB	0	1	72	3.162	857	2350.75	299.5	0.424305136852718
MCF10A	drugB	0	1	72	10	434	2350.75	299.5	0.132907730387485
MCF10A	drugB	0	2	48	0.001	1114	1168.25	299.5	0.952153397547218
MCF10A	drugB	0	2	48	0.003162	1154	1168.25	299.5	0.987539510129001
MCF10A	drugB	0	2	48	0.01	1239	1168.25	299.5	1.06078949877101
MCF10A	drugB	0	2	48	0.03162	1189	1168.25	299.5	1.01801159353594
MCF10A	drugB	0	2	48	0.1	1086	1168.25	299.5	0.92701074672853
MCF10A	drugB	0	2	48	0.3162	1111	1168.25	299.5	0.949474491588386
MCF10A	drugB	0	2	48	1	852	1168.25	299.5	0.703003351725958
MCF10A	drugB	0	2	48	3.162	469	1168.25	299.5	0.256571507495664
MCF10A	drugB	0	2	48	10	339	1168.25	299.5	0.0651197256680061
MCF10A	drugB	0	2	72	0.001	2381	2408.5	299.5	0.992377950578334
MCF10A	drugB	0	2	72	0.003162	2521	2408.5	299.5	1.03058994501594
MCF10A	drugB	0	2	72	0.01	2350	2408.5	299.5	0.983715033500479
MCF10A	drugB	0	2	72	0.03162	2592	2408.5	299.5	1.04942916573892
MCF10A	drugB	0	2	72	0.1	2127	2408.5	299.5	0.919030399180309
MCF10A	drugB	0	2	72	0.3162	2037	2408.5	299.5	0.891640730934347
MCF10A	drugB	0	2	72	1	1492	2408.5	299.5	0.705599645680687
MCF10A	drugB	0	2	72	3.162	852	2408.5	299.5	0.41569537014752
MCF10A	drugB	0	2	72	10	435	2408.5	299.5	0.132129075563554
MCF10A	drugB	1	1	48	0.001	725	811.75	302.5	0.84740927192762
MCF10A	drugB	1	1	48	0.003162	751	811.75	302.5	0.893686571513692
MCF10A	drugB	1	1	48	0.01	794	811.75	302.5	0.969190070755008
MCF10A	drugB	1	1	48	0.03162	759	811.75	302.5	0.907829238369427
MCF10A	drugB	1	1	48	0.1	805	811.75	302.5	0.988307423500474
MCF10A	drugB	1	1	48	0.3162	709	811.75	302.5	0.818685395252441
MCF10A	drugB	1	1	48	1	587	811.75	302.5	0.592838172883309
MCF10A	drugB	1	1	48	3.162	447	811.75	302.5	0.315467714907847
MCF10A	drugB	1	1	48	10	300	811.75	302.5	-0.0058104539944781
MCF10A	drugB	1	1	72	0.001	1357	1317	302.5	1.02839617031807
MCF10A	drugB	1	1	72	0.003162	1274	1317	302.5	0.968960646733197
MCF10A	drugB	1	1	72	0.01	1234	1317	302.5	0.939585492276687
MCF10A	drugB	1	1	72	0.03162	1273	1317	302.5	0.968232260762215
MCF10A	drugB	1	1	72	0.1	1228	1317	302.5	0.935136023423381
MCF10A	drugB	1	1	72	0.3162	1088	1317	302.5	0.827851236304863
MCF10A	drugB	1	1	72	1	864	1317	302.5	0.639708874141385
MCF10A	drugB	1	1	72	3.162	545	1317	302.5	0.319689690345138
MCF10A	drugB	1	1	72	10	352	1317	302.5	0.0740215588922586
MCF10A	drugB	1	2	48	0.001	799	796.25	302.5	1.00494454316088
MCF10A	drugB	1	2	48	0.003162	772	796.25	302.5	0.956185738464944
MCF10A	drugB	1	2	48	0.01	810	796.25	302.5	1.02467465098241
MCF10A	drugB	1	2	48	0.03162	767	796.25	302.5	0.947103594352496
MCF10A	drugB	1	2	48	0.1	720	796.25	302.5	0.860889354176776
MCF10A	drugB	1	2	48	0.3162	703	796.25	302.5	0.82931532140374
MCF10A	drugB	1	2	48	1	559	796.25	302.5	0.552376106480933
MCF10A	drugB	1	2	48	3.162	403	796.25	302.5	0.228067249021277
MCF10A	drugB	1	2	48	10	288	796.25	302.5	-0.0345679929332293
MCF10A	drugB	1	2	72	0.001	1273	1271.25	302.5	1.00132877662135
MCF10A	drugB	1	2	72	0.003162	1240	1271.25	302.5	0.976110605368034
MCF10A	drugB	1	2	72	0.01	1191	1271.25	302.5	0.938016256585026
MCF10A	drugB	1	2	72	0.03162	1327	1271.25	302.5	1.04187622168043
MCF10A	drugB	1	2	72	0.1	1259	1271.25	302.5	0.990671953352585
MCF10A	drugB	1	2	72	0.3162	1046	1271.25	302.5	0.820274893642458
MCF10A	drugB	1	2	72	1	905	1271.25	302.5	0.697371339381343
MCF10A	drugB	1	2	72	3.162	520	1271.25	302.5	0.298950994331191
MCF10A	drugB	1	2	72	10	328	1271.25	302.5	0.0398477662632557
MCF10A	drugC	0	1	48	0.001	1118	1212.5	299.5	0.921151532998973
MCF10A	drugC	0	1	48	0.003162	1187	1212.5	299.5	0.979038268690991
MCF10A	drugC	0	1	48	0.01	1199	1212.5	299.5	0.988930610202682
MCF10A	drugC	0	1	48	0.03162	1257	1212.5	299.5	1.03605460566861
MCF10A	drugC	0	1	48	0.1	1087	1212.5	299.5	0.894558533398901
MCF10A	drugC	0	1	48	0.3162	1049	1212.5	299.5	0.861433309161393
MCF10A	drugC	0	1	48	1	793	1212.5	299.5	0.620388000756181
MCF10A	drugC	0	1	48	3.162	488	1212.5	299.5	0.273794592640964
MCF10A	drugC	0	1	48	10	409	1212.5	299.5	0.16702748096268
MCF10A	drugC	0	1	72	0.001	2292	2350.75	299.5	0.983043068642765
MCF10A	drugC	0	1	72	0.003162	2508	2350.75	299.5	1.04404491017442
MCF10A	drugC	0	1	72	0.01	2343	2350.75	299.5	0.997779350341496
MCF10A	drugC	0	1	72	0.03162	2407	2350.75	299.5	1.01597382259549
MCF10A	drugC	0	1	72	0.1	2445	2350.75	299.5	1.02662531561364
MCF10A	drugC	0	1	72	0.3162	2426	2350.75	299.5	1.02131340836497
MCF10A	drugC	0	1	72	1	1277	2350.75	299.5	0.628823456293866
MCF10A	drugC	0	1	72	3.162	587	2350.75	299.5	0.254051013193246
MCF10A	drugC	0	1	72	10	519	2350.75	299.5	0.203169147239302
MCF10A	drugC	0	2	48	0.001	1135	1168.25	299.5	0.970807456707693
MCF10A	drugC	0	2	48	0.003162	1284	1168.25	299.5	1.0985707293342
MCF10A	drugC	0	2	48	0.01	1150	1168.25	299.5	0.984028274247335
MCF10A	drugC	0	2	48	0.03162	1094	1168.25	299.5	0.934226498939277
MCF10A	drugC	0	2	48	0.1	1255	1168.25	299.5	1.07429880111323
MCF10A	drugC	0	2	48	0.3162	1107	1168.25	299.5	0.945897088507966
MCF10A	drugC	0	2	48	1	695	1168.25	299.5	0.535221437796829
MCF10A	drugC	0	2	48	3.162	487	1168.25	299.5	0.280903325558697
MCF10A	drugC	0	2	48	10	441	1168.25	299.5	0.217792036177466
MCF10A	drugC	0	2	72	0.001	2329	2408.5	299.5	0.9778031774492
MCF10A	drugC	0	2	72	0.003162	2579	2408.5	299.5	1.04600572349831
MCF10A	drugC	0	2	72	0.01	2391	2408.5	299.5	0.995156370699377
MCF10A	drugC	0	2	72	0.03162	2364	2408.5	299.5	0.987636705775953
MCF10A	drugC	0	2	72	0.1	2560	2408.5	299.5	1.04098144888378
MCF10A	drugC	0	2	72	0.3162	2422	2408.5	299.5	1.0037204869792
MCF10A	drugC	0	2	72	1	1442	2408.5	299.5	0.686377865416532
MCF10A	drugC	0	2	72	3.162	620	2408.5	299.5	0.273704559466159
MCF10A	drugC	0	2	72	10	520	2408.5	299.5	0.201349795960723
MCF10A	drugC	1	1	48	0.001	865	811.75	302.5	1.09125169540942
MCF10A	drugC	1	1	48	0.003162	740	811.75	302.5	0.874166902370633
MCF10A	drugC	1	1	48	0.01	818	811.75	302.5	1.01080066749277
MCF10A	drugC	1	1	48	0.03162	725	811.75	302.5	0.84740927192762
MCF10A	drugC	1	1	48	0.1	748	811.75	302.5	0.888371519466022
MCF10A	drugC	1	1	48	0.3162	729	811.75	302.5	0.854560628523199
MCF10A	drugC	1	1	48	1	557	811.75	302.5	0.535230361382108
MCF10A	drugC	1	1	48	3.162	428	811.75	302.5	0.275951329613032
MCF10A	drugC	1	1	48	10	436	811.75	302.5	0.292652196763463
MCF10A	drugC	1	1	72	0.001	1355	1317	302.5	1.02698695917736
MCF10A	drugC	1	1	72	0.003162	1343	1317	302.5	1.01850849767582
MCF10A	drugC	1	1	72	0.01	1249	1317	302.5	0.950659361555779
MCF10A	drugC	1	1	72	0.03162	1255	1317	302.5	0.955069207693968
MCF10A	drugC	1	1	72	0.1	1305	1317	302.5	0.99139245788969
MCF10A	drugC	1	1	72	0.3162	1257	1317	302.5	0.956536678022967
MCF10A	drugC	1	1	72	1	831	1317	302.5	0.609894813029951
MCF10A	drugC	1	1	72	3.162	467	1317	302.5	0.227054955173379
MCF10A	drugC	1	1	72	10	449	1317	302.5	0.204537715077553
MCF10A	drugC	1	2	48	0.001	863	796.25	302.5	1.11869678398679
MCF10A	drugC	1	2	48	0.003162	824	796.25	302.5	1.04967609472232
MCF10A	drugC	1	2	48	0.01	785	796.25	302.5	0.979721596502191
MCF10A	drugC	1	2	48	0.03162	771	796.25	302.5	0.954370648434635
MCF10A	drugC	1	2	48	0.1	826	796.25	302.5	1.05323785001655
MCF10A	drugC	1	2	48	0.3162	808	796.25	302.5	1.02109304304637
MCF10A	drugC	1	2	48	1	553	796.25	302.5	0.540424509098406
MCF10A	drugC	1	2	48	3.162	409	796.25	302.5	0.241134407133885
MCF10A	drugC	1	2	48	10	376	796.25	302.5	0.168564388023863
MCF10A	drugC	1	2	72	0.001	1251	1271.25	302.5	0.984554809073788
MCF10A	drugC	1	2	72	0.003162	1298	1271.25	302.5	1.02020912566689
MCF10A	drugC	1	2	72	0.01	1274	1271.25	302.5	1.00208765339749
MCF10A	drugC	1	2	72	0.03162	1178	1271.25	302.5	0.927774148335861
MCF10A	drugC	1	2	72	0.1	1314	1271.25	302.5	1.03219398770928
MCF10A	drugC	1	2	72	0.3162	1185	1271.25	302.5	0.933296352349476
MCF10A	drugC	1	2	72	1	798	1271.25	302.5	0.597326862426321
MCF10A	drugC	1	2	72	3.162	432	1271.25	302.5	0.187729960990586
MCF10A	drugC	1	2	72	10	455	1271.25	302.5	0.217850883012632
MCF10A	drugD	0	1	48	0.001	1172	1212.5	299.5	0.96660164606115
MCF10A	drugD	0	1	48	0.003162	1146	1212.5	299.5	0.94485314924703
MCF10A	drugD	0	1	48	0.01	1115	1212.5	299.5	0.918594404847665
MCF10A	drugD	0	1	48	0.03162	971	1212.5	299.5	0.791487188766901
MCF10A	drugD	0	1	48	0.1	817	1212.5	299.5	0.644514657450762
MCF10A	drugD	0	1	48	0.3162	656	1212.5	299.5	0.474988680000888
MCF10A	drugD	0	1	48	1	651	1212.5	299.5	0.469405145703393
MCF10A	drugD	0	1	48	3.162	616	1212.5	299.5	0.429699167805086
MCF10A	drugD	0	1	48	10	577	1212.5	299.5	0.384090249685695
MCF10A	drugD	0	1	72	0.001	2264	2350.75	299.5	0.974859863610561
MCF10A	drugD	0	1	72	0.003162	2409	2350.75	299.5	1.01653719845201
MCF10A	drugD	0	1	72	0.01	2458	2350.75	299.5	1.03024401502646
MCF10A	drugD	0	1	72	0.03162	2260	2350.75	299.5	0.973685361664082
MCF10A	drugD	0	1	72	0.1	1269	2350.75	299.5	0.625383466542859
MCF10A	drugD	0	1	72	0.3162	1002	2350.75	299.5	0.501209868104289
MCF10A	drugD	0	1	72	1	862	2350.75	299.5	0.427095319010861
MCF10A	drugD	0	1	72	3.162	837	2350.75	299.5	0.413035107876642
MCF10A	drugD	0	1	72	10	935	2350.75	299.5	0.46666185219691
MCF10A	drugD	0	2	48	0.001	1177	1168.25	299.5	1.00761423890031
MCF10A	drugD	0	2	48	0.003162	1119	1168.25	299.5	0.956610385205076
MCF10A	drugD	0	2	48	0.01	1235	1168.25	299.5	1.05739881751526
MCF10A	drugD	0	2	48	0.03162	1017	1168.25	299.5	0.863658593246626
MCF10A	drugD	0	2	48	0.1	763	1168.25	299.5	0.609961051668542
MCF10A	drugD	0	2	48	0.3162	608	1168.25	299.5	0.434147767645728
MCF10A	drugD	0	2	48	1	663	1168.25	299.5	0.498808989802875
MCF10A	drugD	0	2	48	3.162	636	1168.25	299.5	0.467409380002174
MCF10A	drugD	0	2	48	10	652	1168.25	299.5	0.486093742658834
MCF10A	drugD	0	2	72	0.001	2447	2408.5	299.5	1.01057388881457
MCF10A	drugD	0	2	72	0.003162	2350	2408.5	299.5	0.983715033500479
MCF10A	drugD	0	2	72	0.01	2209	2408.5	299.5	0.943319734353447
MCF10A	drugD	0	2	72	0.03162	2113	2408.5	299.5	0.914821270143099
MCF10A	drugD	0	2	72	0.1	1322	2408.5	299.5	0.638356293815134
MCF10A	drugD	0	2	72	0.3162	997	2408.5	299.5	0.491642935241198
MCF10A	drugD	0	2	72	1	923	2408.5	299.5	0.453878979158757
MCF10A	drugD	0	2	72	3.162	926	2408.5	299.5	0.455448512856117
MCF10A	drugD	0	2	72	10	959	2408.5	299.5	0.472493547261622
MCF10A	drugD	1	1	48	0.001	816	811.75	302.5	1.00734713638729
MCF10A	drugD	1	1	48	0.003162	809	811.75	302.5	0.995239866375801
MCF10A	drugD	1	1	48	0.01	797	811.75	302.5	0.974411673124109
MCF10A	drugD	1	1	48	0.03162	747	811.75	302.5	0.886598425510897
MCF10A	drugD	1	1	48	0.1	592	811.75	302.5	0.602353282941824
MCF10A	drugD	1	1	48	0.3162	510	811.75	302.5	0.443078305465438
MCF10A	drugD	1	1	48	1	500	811.75	302.5	0.423150654370444
MCF10A	drugD	1	1	48	3.162	545	811.75	302.5	0.511929977765541
MCF10A	drugD	1	1	48	10	547	811.75	302.5	0.515823902776373
MCF10A	drugD	1	1	72	0.001	1317	1317	302.5	1
MCF10A	drugD	1	1	72	0.003162	1256	1317	302.5	0.955803097317216
MCF10A	drugD	1	1	72	0.01	1229	1317	302.5	0.93587839862725
MCF10A	drugD	1	1	72	0.03162	1046	1317	302.5	0.79425707940349
MCF10A	drugD	1	1	72	0.1	794	1317	302.5	0.575712394324069
MCF10A	drugD	1	1	72	0.3162	641	1317	302.5	0.424535192438882
MCF10A	drugD	1	1	72	1	656	1317	302.5	0.440146761898794
MCF10A	drugD	1	1	72	3.162	660	1317	302.5	0.444277885094754
MCF10A	drugD	1	1	72	10	679	1317	302.5	0.46372225755848
MCF10A	drugD	1	2	48	0.001	816	796.25	302.5	1.03540445228653
MCF10A	drugD	1	2	48	0.003162	864	796.25	302.5	1.12045475675514
MCF10A	drugD	1	2	48	0.01	737	796.25	302.5	0.892252488840919
MCF10A	drugD	1	2	48	0.03162	804	796.25	302.5	1.01392226813354
MCF10A	drugD	1	2	48	0.1	624	796.25	302.5	0.67962032967235
MCF10A	drugD	1	2	48	0.3162	547	796.25	302.5	0.528436050872565
MCF10A	drugD	1	2	48	1	522	796.25	302.5	0.478075637480724
MCF10A	drugD	1	2	48	3.162	554	796.25	302.5	0.54241898792419
MCF10A	drugD	1	2	48	10	458	796.25	302.5	0.345902885846612
MCF10A	drugD	1	2	72	0.001	1323	1271.25	302.5	1.03890231853647
MCF10A	drugD	1	2	72	0.003162	1295	1271.25	302.5	1.01795347359541
MCF10A	drugD	1	2	72	0.01	1350	1271.25	302.5	1.05888690529431
MCF10A	drugD	1	2	72	0.03162	1232	1271.25	302.5	0.969945005910742
MCF10A	drugD	1	2	72	0.1	893	1271.25	302.5	0.686467596292206
MCF10A	drugD	1	2	72	0.3162	710	1271.25	302.5	0.509712351487275
MCF10A	drugD	1	2	72	1	674	1271.25	302.5	0.47225697716998
MCF10A	drugD	1	2	72	3.162	648	1271.25	302.5	0.444558037051931
MCF10A	drugD	1	2	72	10	648	1271.25	302.5	0.444558037051931
MCF7	drugA	0	1	48	0.001	951	932.75	410.2	1.03296781791745
MCF7	drugA	0	1	48	0.003162	987	932.75	410.2	1.09771288321544
MCF7	drugA	0	1	48	0.01	904	932.75	410.2	0.947858736467317
MCF7	drugA	0	1	48	0.03162	833	932.75	410.2	0.817958656107073
MCF7	drugA	0	1	48	0.1	631	932.75	410.2	0.438178016655522
MCF7	drugA	0	1	48	0.3162	561	932.75	410.2	0.302340302291813
MCF7	drugA	0	1	48	1	486	932.75	410.2	0.153813012213024
MCF7	drugA	0	1	48	3.162	476	932.75	410.2	0.133748704357127
MCF7	drugA	0	1	48	10	533	932.75	410.2	0.247276664459362
MCF7	drugA	0	1	72	0.001	1471	1482.25	410.2	0.991795437991478
MCF7	drugA	0	1	72	0.003162	1378	1482.25	410.2	0.922831258940622
MCF7	drugA	0	1	72	0.01	1291	1482.25	410.2	0.856348259169632
MCF7	drugA	0	1	72	0.03162	1207	1482.25	410.2	0.790170101769584
MCF7	drugA	0	1	72	0.1	786	1482.25	410.2	0.420312796312305
MCF7	drugA	0	1	72	0.3162	589	1482.25	410.2	0.215553894059938
MCF7	drugA	0	1	72	1	514	1482.25	410.2	0.129427980658478
MCF7	drugA	0	1	72	3.162	582	1482.25	410.2	0.207737906668315
MCF7	drugA	0	1	72	10	557	1482.25	410.2	0.179463846212101
MCF7	drugA	0	2	48	0.001	917	948.5	410.2	0.944916086630766
MCF7	drugA	0	2	48	0.003162	946	948.5	410.2	0.995639959835631
MCF7	drugA	0	2	48	0.01	985	948.5	410.2	1.06343322529985
MCF7	drugA	0	2	48	0.03162	776	948.5	410.2	0.694117540642463
MCF7	drugA	0	2	48	0.1	642	948.5	410.2	0.448327268559014
MCF7	drugA	0	2	48	0.3162	475	948.5	410.2	0.12894432728967
MCF7	drugA	0	2	48	1	505	948.5	410.2	0.187589933443059
MCF7	drugA	0	2	48	3.162	489	948.5	410.2	0.156389691934117
MCF7	drugA	0	2	48	10	485	948.5	410.2	0.1485622052712
MCF7	drugA	0	2	72	0.001	1512	1394.75	410.2	1.09355605738484
MCF7	drugA	0	2	72	0.003162	1553	1394.75	410.2	1.1255225146029
MCF7	drugA	0	2	72	0.01	1293	1394.75	410.2	0.916008358948403
MCF7	drugA	0	2	72	0.03162	1242	1394.75	410.2	0.87283217428058
MCF7	drugA	0	2	72	0.1	731	1394.75	410.2	0.38712753710829
MCF7	drugA	0	2	72	0.3162	597	1394.75	410.2	0.236822676528157
MCF7	drugA	0	2	72	1	546	1394.75	410.2	0.175824126466181
MCF7	drugA	0	2	72	3.162	569	1394.75	410.2	0.203626212233451
MCF7	drugA	0	2	72	10	540	1394.75	410.2	0.168488354104409
MCF7	drugA	1	1	48	0.001	841	871	405.3	0.937482738775197
MCF7	drugA	1	1	48	0.003162	854	871	405.3	0.964598846243585
MCF7	drugA	1	1	48	0.01	794	871	405.3	0.839113809628757
MCF7	drugA	1	1	48	0.03162	747	871	405.3	0.740196008041164
MCF7	drugA	1	1	48	0.1	603	871	405.3	0.43328259463925
MCF7	drugA	1	1	48	0.3162	498	871	405.3	0.20517284495619
MCF7	drugA	1	1	48	1	470	871	405.3	0.143612157861289
MCF7	drugA	1	1	48	3.162	478	871	405.3	0.161235224996883
MCF7	drugA	1	1	48	10	486	871	405.3	0.178830604558702
MCF7	drugA	1	1	72	0.001	1396	1221.5	405.3	1.17503595708372
MCF7	drugA	1	1	72	0.003162	1267	1221.5	405.3	1.04648894774144
MCF7	drugA	1	1	72	0.01	1226	1221.5	405.3	1.00462615735528
MCF7	drugA	1	1	72	0.03162	1152	1221.5	405.3	0.92772630745248
MCF7	drugA	1	1	72	0.1	784	1221.5	405.3	0.513677171012369
MCF7	drugA	1	1	72	0.3162	605	1221.5	405.3	0.286207912268458
MCF7	drugA	1	1	72	1	517	1221.5	405.3	0.165253080076408
MCF7	drugA	1	1	72	3.162	499	1221.5	405.3	0.139595422948379
MCF7	drugA	1	1	72	10	519	1221.5	405.3	0.168083274207271
MCF7	drugA	1	2	48	0.001	809	864.5	405.3	0.882185521260797
MCF7	drugA	1	2	48	0.003162	886	864.5	405.3	1.0454650367358
MCF7	drugA	1	2	48	0.01	813	864.5	405.3	0.890699096997926
MCF7	drugA	1	2	48	0.03162	748	864.5	405.3	0.751898383610859
MCF7	drugA	1	2	48	0.1	634	864.5	405.3	0.505911310329913
MCF7	drugA	1	2	48	0.3162	521	864.5	405.3	0.258324886335969
MCF7	drugA	1	2	48	1	485	864.5	405.3	0.178526708251968
MCF7	drugA	1	2	48	3.162	488	864.5	405.3	0.185195301568841
MCF7	drugA	1	2	48	10	465	864.5	405.3	0.133978650252845
MCF7	drugA	1	2	72	0.001	1314	1239.5	405.3	1.07371128196753
MCF7	drugA	1	2	72	0.003162	1387	1239.5	405.3	1.14441303686332
MCF7	drugA	1	2	72	0.01	1263	1239.5	405.3	1.02342854761787
MCF7	drugA	1	2	72	0.03162	1007	1239.5	405.3	0.75828081461986
MCF7	drugA	1	2	72	0.1	789	1239.5	405.3	0.511434302216931
MCF7	drugA	1	2	72	0.3162	587	1239.5	405.3	0.258192036682622
MCF7	drugA	1	2	72	1	540	1239.5	405.3	0.194737665642395
MCF7	drugA	1	2	72	3.162	522	1239.5	405.3	0.169884439427431
MCF7	drugA	1	2	72	10	478	1239.5	405.3	0.107718744096899
MCF7	drugB	0	1	48	0.001	945	932.75	410.2	1.02214008141837
MCF7	drugB	0	1	48	0.003162	924	932.75	410.2	0.98415785396374
MCF7	drugB	0	1	48	0.01	946	932.75	410.2	1.02394544829735
MCF7	drugB	0	1	48	0.03162	926	932.75	410.2	0.987780974612888
MCF7	drugB	0	1	48	0.1	804	932.75	410.2	0.764409266719308
MCF7	drugB	0	1	48	0.3162	499	932.75	410.2	0.179800557321244
MCF7	drugB	0	1	48	1	176	932.75	410.2	-0.51029964939556
MCF7	drugB	0	1	48	3.162	90	932.75	410.2	-0.721922013079253
MCF7	drugB	0	1	48	10	68	932.75	410.2	-0.78049118629837
MCF7	drugB	0	1	72	0.001	1523	1482.25	410.2	1.02948141737864
MCF7	drugB	0	1	72	0.003162	1470	1482.25	410.2	0.991064747638182
MCF7	drugB	0	1	72	0.01	1412	1482.25	410.2	0.948285464465264
MCF7	drugB	0	1	72	0.03162	1428	1482.25	410.2	0.960166190172866
MCF7	drugB	0	1	72	0.1	1264	1482.25	410.2	0.835298950508178
MCF7	drugB	0	1	72	0.3162	656	1482.25	410.2	0.288306128726916
MCF7	drugB	0	1	72	1	205	1482.25	410.2	-0.312196502138912
MCF7	drugB	0	1	72	3.162	58	1482.25	410.2	-0.651972109550402
MCF7	drugB	0	1	72	10	29	1482.25	410.2	-0.760562204153328
MCF7	drugB	0	2	48	0.001	957	948.5	410.2	1.01480929785922
MCF7	drugB	0	2	48	0.003162	1016	948.5	410.2	1.11698876246485
MCF7	drugB	0	2	48	0.01	885	948.5	410.2	0.888621323276142
MCF7	drugB	0	2	48	0.03162	870	948.5	410.2	0.862112382367149
MCF7	drugB	0	2	48	0.1	775	948.5	410.2	0.692312076205606
MCF7	drugB	0	2	48	0.3162	433	948.5	410.2	0.0457454585415056
MCF7	drugB	0	2	48	1	177	948.5	410.2	-0.500932781136762
MCF7	drugB	0	2	48	3.162	84	948.5	410.2	-0.730540812140517
MCF7	drugB	0	2	48	10	68	948.5	410.2	-0.773740364171136
MCF7	drugB	0	2	72	0.001	1475	1394.75	410.2	1.06438408843213
MCF7	drugB	0	2	72	0.003162	1447	1394.75	410.2	1.04209652737532
MCF7	drugB	0	2	72	0.01	1344	1394.75	410.2	0.958452132245869
MCF7	drugB	0	2	72	0.03162	1399	1394.75	410.2	1.00344938666023
MCF7	drugB	0	2	72	0.1	1205	1394.75	410.2	0.841025271116307
MCF7	drugB	0	2	72	0.3162	656	1394.75	410.2	0.304634887589081
MCF7	drugB	0	2	72	1	226	1394.75	410.2	-0.286535892683647
MCF7	drugB	0	2	72	3.162	67	1394.75	410.2	-0.64165132051588
MCF7	drugB	0	2	72	10	32	1394.75	410.2	-0.764201390952611
MCF7	drugB	1	1	48	0.001	891	871	405.3	1.04156548746906
MCF7	drugB	1	1	48	0.003162	906	871	405.3	1.07268202244361
MCF7	drugB	1	1	48	0.01	907	871	405.3	1.07475472890853
MCF7	drugB	1	1	48	0.03162	812	871	405.3	0.876849953341438
MCF7	drugB	1	1	48	0.1	779	871	405.3	0.807605647296694
MCF7	drugB	1	1	48	0.3162	431	871	405.3	0.0572856621680775
MCF7	drugB	1	1	48	1	188	871	405.3	-0.501434550308144
MCF7	drugB	1	1	48	3.162	102	871	405.3	-0.713508582361555
MCF7	drugB	1	1	48	10	73	871	405.3	-0.788416401852171
MCF7	drugB	1	1	72	0.001	1241	1221.5	405.3	1.0200013068412
MCF7	drugB	1	1	72	0.003162	1329	1221.5	405.3	1.10884975491119
MCF7	drugB	1	1	72	0.01	1220	1221.5	405.3	0.998456540439713
MCF7	drugB	1	1	72	0.03162	1161	1221.5	405.3	0.937175069914714
MCF7	drugB	1	1	72	0.1	1060	1221.5	405.3	0.829508330043833
MCF7	drugB	1	1	72	0.3162	610	1221.5	405.3	0.292876426250002
MCF7	drugB	1	1	72	1	201	1221.5	405.3	-0.356377095163834
MCF7	drugB	1	1	72	3.162	62	1221.5	405.3	-0.69260826829579
MCF7	drugB	1	1	72	10	39	1221.5	405.3	-0.77028042136253
MCF7	drugB	1	2	48	0.001	796	864.5	405.3	0.854491588836712
MCF7	drugB	1	2	48	0.003162	897	864.5	405.3	1.06868984144041
MCF7	drugB	1	2	48	0.01	890	864.5	405.3	1.05391323971913
MCF7	drugB	1	2	48	0.03162	805	864.5	405.3	0.873668367458275
MCF7	drugB	1	2	48	0.1	721	864.5	405.3	0.693945543269084
MCF7	drugB	1	2	48	0.3162	425	864.5	405.3	0.0443850114399753
MCF7	drugB	1	2	48	1	199	864.5	405.3	-0.478409467661527
MCF7	drugB	1	2	48	3.162	96	864.5	405.3	-0.732297818973575
MCF7	drugB	1	2	48	10	84	864.5	405.3	-0.763087329490933
MCF7	drugB	1	2	72	0.001	1231	1239.5	405.3	0.99148436585619
MCF7	drugB	1	2	72	0.003162	1249	1239.5	405.3	1.00949126217463
MCF7	drugB	1	2	72	0.01	1223	1239.5	405.3	0.9834492213383
MCF7	drugB	1	2	72	0.03162	1195	1239.5	405.3	0.955167564350528
MCF7	drugB	1	2	72	0.1	1050	1239.5	405.3	0.804466303366993
MCF7	drugB	1	2	72	0.3162	578	1239.5	405.3	0.246195087919083
MCF7	drugB	1	2	72	1	199	1239.5	405.3	-0.35665663772586
MCF7	drugB	1	2	72	3.162	69	1239.5	405.3	-0.666417130956847
MCF7	drugB	1	2	72	10	39	1239.5	405.3	-0.765815774765296
MCF7	drugC	0	1	48	0.001	915	932.75	410.2	0.967838601758962
MCF7	drugC	0	1	48	0.003162	916	932.75	410.2	0.969653086193505
MCF7	drugC	0	1	48	0.01	962	932.75	410.2	1.05279101739883
MCF7	drugC	0	1	48	0.03162	902	932.75	410.2	0.944221964537584
MCF7	drugC	0	1	48	0.1	586	932.75	410.2	0.351141953945304
MCF7	drugC	0	1	48	0.3162	69	932.75	410.2	-0.777770561880138
MCF7	drugC	0	1	48	1	35	932.75	410.2	-0.87466411938137
MCF7	drugC	0	1	48	3.162	33	932.75	410.2	-0.880734801089363
MCF7	drugC	0	1	48	10	35	932.75	410.2	-0.87466411938137
MCF7	drugC	0	1	72	0.001	1343	1482.25	410.2	0.896324466644645
MCF7	drugC	0	1	72	0.003162	1355	1482.25	410.2	0.90544795183896
MCF7	drugC	0	1	72	0.01	1441	1482.25	410.2	0.969774216869646
MCF7	drugC	0	1	72	0.03162	1392	1482.25	410.2	0.933347034757287
MCF7	drugC	0	1	72	0.1	804	1482.25	410.2	0.437770889181211
MCF7	drugC	0	1	72	0.3162	64	1482.25	410.2	-0.632987406580562
MCF7	drugC	0	1	72	1	10	1482.25	410.2	-0.86519533212451
MCF7	drugC	0	1	72	3.162	7	1482.25	410.2	-0.888794244508682
MCF7	drugC	0	1	72	10	8	1482.25	410.2	-0.88048650767156
MCF7	drugC	0	2	48	0.001	904	948.5	410.2	0.922088024977893
MCF7	drugC	0	2	48	0.003162	873	948.5	410.2	0.867420457999556
MCF7	drugC	0	2	48	0.01	969	948.5	410.2	1.035677866589
MCF7	drugC	0	2	48	0.03162	881	948.5	410.2	0.881559929671129
MCF7	drugC	0	2	48	0.1	550	948.5	410.2	0.274445227647036
MCF7	drugC	0	2	48	0.3162	74	948.5	410.2	-0.757353758041303
MCF7	drugC	0	2	48	1	35	948.5	410.2	-0.869355173944881
MCF7	drugC	0	2	48	3.162	31	948.5	410.2	-0.881829583948766
MCF7	drugC	0	2	48	10	31	948.5	410.2	-0.881829583948766
MCF7	drugC	0	2	72	0.001	1428	1394.75	410.2	1.02686618464522
MCF7	drugC	0	2	72	0.003162	1478	1394.75	410.2	1.06676111638806
MCF7	drugC	0	2	72	0.01	1392	1394.75	410.2	0.997765614892461
MCF7	drugC	0	2	72	0.03162	1418	1394.75	410.2	1.01881492401121
MCF7	drugC	0	2	72	0.1	772	1394.75	410.2	0.430670079275936
MCF7	drugC	0	2	72	0.3162	68	1394.75	410.2	-0.638631791270011
MCF7	drugC	0	2	72	1	13	1394.75	410.2	-0.858430191404709
MCF7	drugC	0	2	72	3.162	9	1394.75	410.2	-0.885047162524835
MCF7	drugC	0	2	72	10	9	1394.75	410.2	-0.885047162524835
MCF7	drugC	1	1	48	0.001	789	871	405.3	0.828617354103979
MCF7	drugC	1	1	48	0.003162	820	871	405.3	0.893596259689922
MCF7	drugC	1	1	48	0.01	828	871	405.3	0.910327224643741
MCF7	drugC	1	1	48	0.03162	915	871	405.3	1.09132867418835
MCF7	drugC	1	1	48	0.1	559	871	405.3	0.338189270601496
MCF7	drugC	1	1	48	0.3162	80	871	405.3	-0.770113585091378
MCF7	drugC	1	1	48	1	40	871	405.3	-0.877323103609205
MCF7	drugC	1	1	48	3.162	41	871	405.3	-0.874547528864487
MCF7	drugC	1	1	48	10	39	871	405.3	-0.880105205328436
MCF7	drugC	1	1	72	0.001	1290	1221.5	405.3	1.06975235560354
MCF7	drugC	1	1	72	0.003162	1326	1221.5	405.3	1.10585754145351
MCF7	drugC	1	1	72	0.01	1196	1221.5	405.3	0.973664416481531
MCF7	drugC	1	1	72	0.03162	1216	1221.5	405.3	0.99433719577502
MCF7	drugC	1	1	72	0.1	732	1221.5	405.3	0.449795465532242
MCF7	drugC	1	1	72	0.3162	67	1221.5	405.3	-0.677258106534468
MCF7	drugC	1	1	72	1	15	1221.5	405.3	-0.873971285955851
MCF7	drugC	1	1	72	3.162	13	1221.5	405.3	-0.88480812099993
MCF7	drugC	1	1	72	10	14	1221.5	405.3	-0.879317705872789
MCF7	drugC	1	2	48	0.001	902	864.5	405.3	1.07923855425484
MCF7	drugC	1	2	48	0.003162	842	864.5	405.3	0.952317247834405
MCF7	drugC	1	2	48	0.01	890	864.5	405.3	1.05391323971913
MCF7	drugC	1	2	48	0.03162	853	864.5	405.3	0.975642167790801
MCF7	drugC	1	2	48	0.1	508	864.5	405.3	0.229564677739458
MCF7	drugC	1	2	48	0.3162	72	864.5	405.3	-0.794254268923512
MCF7	drugC	1	2	48	1	43	864.5	405.3	-0.87162176082523
MCF7	drugC	1	2	48	3.162	39	864.5	405.3	-0.882593762784067
MCF7	drugC	1	2	48	10	40	864.5	405.3	-0.87984215417208
MCF7	drugC	1	2	72	0.001	1189	1239.5	405.3	0.94907458439841
MCF7	drugC	1	2	72	0.003162	1252	1239.5	405.3	1.01248279929704
MCF7	drugC	1	2	72	0.01	1315	1239.5	405.3	1.07468972962563
MCF7	drugC	1	2	72	0.03162	1187	1239.5	405.3	0.947040996754814
MCF7	drugC	1	2	72	0.1	772	1239.5	405.3	0.491157460307489
MCF7	drugC	1	2	72	0.3162	66	1239.5	405.3	-0.675486321930812
MCF7	drugC	1	2	72	1	15	1239.5	405.3	-0.870508538625092
MCF7	drugC	1	2	72	3.162	15	1239.5	405.3	-0.870508538625092
MCF7	drugC	1	2	72	10	14	1239.5	405.3	-0.87593149510741
MCF7	drugD	0	1	48	0.001	976	932.75	410.2	1.07796943185802
MCF7	drugD	0	1	48	0.003162	904	932.75	410.2	0.947858736467317
MCF7	drugD	0	1	48	0.01	998	932.75	410.2	1.11742198618977
MCF7	drugD	0	1	48	0.03162	914	932.75	410.2	0.96602380747879
MCF7	drugD	0	1	48	0.1	927	932.75	410.2	0.989592076355645
MCF7	drugD	0	1	48	0.3162	803	932.75	410.2	0.762557409816955
MCF7	drugD	0	1	48	1	765	932.75	410.2	0.69191497046971
MCF7	drugD	0	1	48	3.162	707	932.75	410.2	0.583019577648868
MCF7	drugD	0	1	48	10	646	932.75	410.2	0.466971655732005
MCF7	drugD	0	1	72	0.001	1419	1482.25	410.2	0.953490869087985
MCF7	drugD	0	1	72	0.003162	1500	1482.25	410.2	1.01288689201928
MCF7	drugD	0	1	72	0.01	1422	1482.25	410.2	0.955718136440536
MCF7	drugD	0	1	72	0.03162	1309	1482.25	410.2	0.870268673242302
MCF7	drugD	0	1	72	0.1	1447	1482.25	410.2	0.97419522558474
MCF7	drugD	0	1	72	0.3162	1170	1482.25	410.2	0.760349074693632
MCF7	drugD	0	1	72	1	880	1482.25	410.2	0.509574288292182
MCF7	drugD	0	1	72	3.162	878	1482.25	410.2	0.507722196233035
MCF7	drugD	0	1	72	10	915	1482.25	410.2	0.541677911070391
MCF7	drugD	0	2	48	0.001	921	948.5	410.2	0.951928806393936
MCF7	drugD	0	2	48	0.003162	937	948.5	410.2	0.979927253315769
MCF7	drugD	0	2	48	0.01	951	948.5	410.2	1.00435805148567
MCF7	drugD	0	2	48	0.03162	879	948.5	410.2	0.878027152875693
MCF7	drugD	0	2	48	0.1	875	948.5	410.2	0.87095742077274
MCF7	drugD	0	2	48	0.3162	888	948.5	410.2	0.893913742965257
MCF7	drugD	0	2	48	1	691	948.5	410.2	0.539149250181343
MCF7	drugD	0	2	48	3.162	756	948.5	410.2	0.657930923549916
MCF7	drugD	0	2	48	10	735	948.5	410.2	0.619756113939964
MCF7	drugD	0	2	72	0.001	1570	1394.75	410.2	1.13866938894625
MCF7	drugD	0	2	72	0.003162	1441	1394.75	410.2	1.03729636486452
MCF7	drugD	0	2	72	0.01	1412	1394.75	410.2	1.01397234750675
MCF7	drugD	0	2	72	0.03162	1431	1394.75	410.2	1.02927679147577
MCF7	drugD	0	2	72	0.1	1342	1394.75	410.2	0.956800969793317
MCF7	drugD	0	2	72	0.3162	1275	1394.75	410.2	0.900855488677749
MCF7	drugD	0	2	72	1	950	1394.75	410.2	0.6090653019339
MCF7	drugD	0	2	72	3.162	892	1394.75	410.2	0.552666888016613
MCF7	drugD	0	2	72	10	915	1394.75	410.2	0.575216657658528
MCF7	drugD	1	1	48	0.001	909	871	405.3	1.07889949808961
MCF7	drugD	1	1	48	0.003162	893	871	405.3	1.04571718474206
MCF7	drugD	1	1	48	0.01	866	871	405.3	0.989594690456852
MCF7	drugD	1	1	48	0.03162	856	871	405.3	0.968767099524119
MCF7	drugD	1	1	48	0.1	867	871	405.3	0.991676202851112
MCF7	drugD	1	1	48	0.3162	856	871	405.3	0.968767099524119
MCF7	drugD	1	1	48	1	714	871	405.3	0.670394885822216
MCF7	drugD	1	1	48	3.162	634	871	405.3	0.499886736665704
MCF7	drugD	1	1	48	10	605	871	405.3	0.437589176967211
MCF7	drugD	1	1	72	0.001	1370	1221.5	405.3	1.14949505444907
MCF7	drugD	1	1	72	0.003162	1206	1221.5	405.3	0.984016735093779
MCF7	drugD	1	1	72	0.01	1268	1221.5	405.3	1.04750364716673
MCF7	drugD	1	1	72	0.03162	1272	1221.5	405.3	1.05155947405148
MCF7	drugD	1	1	72	0.1	1291	1221.5	405.3	1.07076029503648
MCF7	drugD	1	1	72	0.3162	1107	1221.5	405.3	0.880064289664752
MCF7	drugD	1	1	72	1	930	1221.5	405.3	0.685126272877465
MCF7	drugD	1	1	72	3.162	790	1221.5	405.3	0.520945268972278
MCF7	drugD	1	1	72	10	775	1221.5	405.3	0.502736134340152
MCF7	drugD	1	2	48	0.001	856	864.5	405.3	0.981999060499052
MCF7	drugD	1	2	48	0.003162	841	864.5	405.3	0.950195521238224
MCF7	drugD	1	2	48	0.01	872	864.5	405.3	1.01587069080633
MCF7	drugD	1	2	48	0.03162	795	864.5	405.3	0.852359701801328
MCF7	drugD	1	2	48	0.1	823	864.5	405.3	0.911967507146399
MCF7	drugD	1	2	48	0.3162	759	864.5	405.3	0.775457508987016
MCF7	drugD	1	2	48	1	627	864.5	405.3	0.490690355702764
MCF7	drugD	1	2	48	3.162	648	864.5	405.3	0.536310562497784
MCF7	drugD	1	2	48	10	670	864.5	405.3	0.583968636400396
MCF7	drugD	1	2	72	0.001	1222	1239.5	405.3	0.982443426169059
MCF7	drugD	1	2	72	0.003162	1285	1239.5	405.3	1.0452119975796
MCF7	drugD	1	2	72	0.01	1203	1239.5	405.3	0.963273488911945
MCF7	drugD	1	2	72	0.03162	1320	1239.5	405.3	1.07957773415509
MCF7	drugD	1	2	72	0.1	1253	1239.5	405.3	1.01347937297871
MCF7	drugD	1	2	72	0.3162	1149	1239.5	405.3	0.908151896867262
MCF7	drugD	1	2	72	1	879	1239.5	405.3	0.616137728212332
MCF7	drugD	1	2	72	3.162	849	1239.5	405.3	0.581709903543911
MCF7	drugD	1	2	72	10	784	1239.5	405.3	0.505487907499273
