cell_line	agent	perturbation	replicate	time	concentration	cell_count	GRvalue
MCF10A	drugA	0	1	48	0.001	1131	0.932193
MCF10A	drugA	0	1	48	0.003162	1205	0.993858
MCF10A	drugA	0	1	48	0.01	1021	0.836636
MCF10A	drugA	0	1	48	0.03162	743	0.568912
MCF10A	drugA	0	1	48	0.1	459	0.235692
MCF10A	drugA	0	1	48	0.3162	318	0.0301564
MCF10A	drugA	0	1	48	1	284	-0.0259976
MCF10A	drugA	0	1	48	3.162	274	-0.0431516
MCF10A	drugA	0	1	48	10	249	-0.0874719
MCF10A	drugB	0	1	48	0.001	1088	0.895422
MCF10A	drugB	0	1	48	0.003162	1215	1.00204
MCF10A	drugB	0	1	48	0.01	1227	1.01182
MCF10A	drugB	0	1	48	0.03162	1075	0.884162
MCF10A	drugB	0	1	48	0.1	1125	0.927105
MCF10A	drugB	0	1	48	0.3162	967	0.787825
MCF10A	drugB	0	1	48	1	766	0.592801
MCF10A	drugB	0	1	48	3.162	531	0.328247
MCF10A	drugB	0	1	48	10	322	0.0365594
MCF10A	drugC	0	1	48	0.001	1118	0.921152
MCF10A	drugC	0	1	48	0.003162	1187	0.979038
MCF10A	drugC	0	1	48	0.01	1199	0.988931
MCF10A	drugC	0	1	48	0.03162	1257	1.03605
MCF10A	drugC	0	1	48	0.1	1087	0.894559
MCF10A	drugC	0	1	48	0.3162	1049	0.861433
MCF10A	drugC	0	1	48	1	793	0.620388
MCF10A	drugC	0	1	48	3.162	488	0.273795
MCF10A	drugC	0	1	48	10	409	0.167027
MCF10A	drugD	0	1	48	0.001	1172	0.966602
MCF10A	drugD	0	1	48	0.003162	1146	0.944853
MCF10A	drugD	0	1	48	0.01	1115	0.918594
MCF10A	drugD	0	1	48	0.03162	971	0.791487
MCF10A	drugD	0	1	48	0.1	817	0.644515
MCF10A	drugD	0	1	48	0.3162	656	0.474989
MCF10A	drugD	0	1	48	1	651	0.469405
MCF10A	drugD	0	1	48	3.162	616	0.429699
MCF10A	drugD	0	1	48	10	577	0.38409
MCF10A	drugA	0	2	48	0.001	1301	1.11267
MCF10A	drugA	0	2	48	0.003162	1038	0.883157
MCF10A	drugA	0	2	48	0.01	928	0.77874
MCF10A	drugA	0	2	48	0.03162	706	0.547547
MCF10A	drugA	0	2	48	0.1	479	0.270145
MCF10A	drugA	0	2	48	0.3162	342	0.0699093
MCF10A	drugA	0	2	48	1	294	-0.00939413
MCF10A	drugA	0	2	48	3.162	264	-0.0622277
MCF10A	drugA	0	2	48	10	288	-0.0197412
MCF10A	drugB	0	2	48	0.001	1114	0.952153
MCF10A	drugB	0	2	48	0.003162	1154	0.98754
MCF10A	drugB	0	2	48	0.01	1239	1.06079
MCF10A	drugB	0	2	48	0.03162	1189	1.01801
MCF10A	drugB	0	2	48	0.1	1086	0.927011
MCF10A	drugB	0	2	48	0.3162	1111	0.949474
MCF10A	drugB	0	2	48	1	852	0.703003
MCF10A	drugB	0	2	48	3.162	469	0.256572
MCF10A	drugB	0	2	48	10	339	0.0651197
MCF10A	drugC	0	2	48	0.001	1135	0.970807
MCF10A	drugC	0	2	48	0.003162	1284	1.09857
MCF10A	drugC	0	2	48	0.01	1150	0.984028
MCF10A	drugC	0	2	48	0.03162	1094	0.934226
MCF10A	drugC	0	2	48	0.1	1255	1.0743
MCF10A	drugC	0	2	48	0.3162	1107	0.945897
MCF10A	drugC	0	2	48	1	695	0.535221
MCF10A	drugC	0	2	48	3.162	487	0.280903
MCF10A	drugC	0	2	48	10	441	0.217792
MCF10A	drugD	0	2	48	0.001	1177	1.00761
MCF10A	drugD	0	2	48	0.003162	1119	0.95661
MCF10A	drugD	0	2	48	0.01	1235	1.0574
MCF10A	drugD	0	2	48	0.03162	1017	0.863659
MCF10A	drugD	0	2	48	0.1	763	0.609961
MCF10A	drugD	0	2	48	0.3162	608	0.434148
MCF10A	drugD	0	2	48	1	663	0.498809
MCF10A	drugD	0	2	48	3.162	636	0.467409
MCF10A	drugD	0	2	48	10	652	0.486094
MCF10A	drugA	0	1	72	0.001	2158	0.943258
MCF10A	drugA	0	1	72	0.003162	2258	0.973098
MCF10A	drugA	0	1	72	0.01	1851	0.845482
MCF10A	drugA	0	1	72	0.03162	1373	0.669031
MCF10A	drugA	0	1	72	0.1	723	0.34512
MCF10A	drugA	0	1	72	0.3162	358	0.0618612
MCF10A	drugA	0	1	72	1	301	0.00168211
MCF10A	drugA	0	1	72	3.162	286	-0.0153967
MCF10A	drugA	0	1	72	10	258	-0.0489402
MCF10A	drugB	0	1	72	0.001	2378	1.00777
MCF10A	drugB	0	1	72	0.003162	2525	1.0487
MCF10A	drugB	0	1	72	0.01	2330	0.994043
MCF10A	drugB	0	1	72	0.03162	2378	1.00777
MCF10A	drugB	0	1	72	0.1	2394	1.0123
MCF10A	drugB	0	1	72	0.3162	1992	0.891628
MCF10A	drugB	0	1	72	1	1524	0.728657
MCF10A	drugB	0	1	72	3.162	857	0.424305
MCF10A	drugB	0	1	72	10	434	0.132908
MCF10A	drugC	0	1	72	0.001	2292	0.983043
MCF10A	drugC	0	1	72	0.003162	2508	1.04404
MCF10A	drugC	0	1	72	0.01	2343	0.997779
MCF10A	drugC	0	1	72	0.03162	2407	1.01597
MCF10A	drugC	0	1	72	0.1	2445	1.02663
MCF10A	drugC	0	1	72	0.3162	2426	1.02131
MCF10A	drugC	0	1	72	1	1277	0.628823
MCF10A	drugC	0	1	72	3.162	587	0.254051
MCF10A	drugC	0	1	72	10	519	0.203169
MCF10A	drugD	0	1	72	0.001	2264	0.97486
MCF10A	drugD	0	1	72	0.003162	2409	1.01654
MCF10A	drugD	0	1	72	0.01	2458	1.03024
MCF10A	drugD	0	1	72	0.03162	2260	0.973685
MCF10A	drugD	0	1	72	0.1	1269	0.625383
MCF10A	drugD	0	1	72	0.3162	1002	0.50121
MCF10A	drugD	0	1	72	1	862	0.427095
MCF10A	drugD	0	1	72	3.162	837	0.413035
MCF10A	drugD	0	1	72	10	935	0.466662
MCF10A	drugA	0	2	72	0.001	2396	0.996543
MCF10A	drugA	0	2	72	0.003162	2162	0.929473
MCF10A	drugA	0	2	72	0.01	1799	0.815085
MCF10A	drugA	0	2	72	0.03162	1329	0.641236
MCF10A	drugA	0	2	72	0.1	713	0.334292
MCF10A	drugA	0	2	72	0.3162	397	0.098237
MCF10A	drugA	0	2	72	1	274	-0.0291546
MCF10A	drugA	0	2	72	3.162	247	-0.0620716
MCF10A	drugA	0	2	72	10	235	-0.0774753
MCF10A	drugB	0	2	72	0.001	2381	0.992378
MCF10A	drugB	0	2	72	0.003162	2521	1.03059
MCF10A	drugB	0	2	72	0.01	2350	0.983715
MCF10A	drugB	0	2	72	0.03162	2592	1.04943
MCF10A	drugB	0	2	72	0.1	2127	0.91903
MCF10A	drugB	0	2	72	0.3162	2037	0.891641
MCF10A	drugB	0	2	72	1	1492	0.7056
MCF10A	drugB	0	2	72	3.162	852	0.415695
MCF10A	drugB	0	2	72	10	435	0.132129
MCF10A	drugC	0	2	72	0.001	2329	0.977803
MCF10A	drugC	0	2	72	0.003162	2579	1.04601
MCF10A	drugC	0	2	72	0.01	2391	0.995156
MCF10A	drugC	0	2	72	0.03162	2364	0.987637
MCF10A	drugC	0	2	72	0.1	2560	1.04098
MCF10A	drugC	0	2	72	0.3162	2422	1.00372
MCF10A	drugC	0	2	72	1	1442	0.686378
MCF10A	drugC	0	2	72	3.162	620	0.273705
MCF10A	drugC	0	2	72	10	520	0.20135
MCF10A	drugD	0	2	72	0.001	2447	1.01057
MCF10A	drugD	0	2	72	0.003162	2350	0.983715
MCF10A	drugD	0	2	72	0.01	2209	0.94332
MCF10A	drugD	0	2	72	0.03162	2113	0.914821
MCF10A	drugD	0	2	72	0.1	1322	0.638356
MCF10A	drugD	0	2	72	0.3162	997	0.491643
MCF10A	drugD	0	2	72	1	923	0.453879
MCF10A	drugD	0	2	72	3.162	926	0.455449
MCF10A	drugD	0	2	72	10	959	0.472494
MCF10A	drugA	1	1	48	0.001	717	0.833071
MCF10A	drugA	1	1	48	0.003162	730	0.856347
MCF10A	drugA	1	1	48	0.01	639	0.690661
MCF10A	drugA	1	1	48	0.03162	555	0.531357
MCF10A	drugA	1	1	48	0.1	364	0.13878
MCF10A	drugA	1	1	48	0.3162	310	0.0173463
MCF10A	drugA	1	1	48	1	308	0.0127329
MCF10A	drugA	1	1	48	3.162	306	0.00811067
MCF10A	drugA	1	1	48	10	255	-0.113033
MCF10A	drugB	1	1	48	0.001	725	0.847409
MCF10A	drugB	1	1	48	0.003162	751	0.893687
MCF10A	drugB	1	1	48	0.01	794	0.96919
MCF10A	drugB	1	1	48	0.03162	759	0.907829
MCF10A	drugB	1	1	48	0.1	805	0.988307
MCF10A	drugB	1	1	48	0.3162	709	0.818685
MCF10A	drugB	1	1	48	1	587	0.592838
MCF10A	drugB	1	1	48	3.162	447	0.315468
MCF10A	drugB	1	1	48	10	300	-0.00581045
MCF10A	drugC	1	1	48	0.001	865	1.09125
MCF10A	drugC	1	1	48	0.003162	740	0.874167
MCF10A	drugC	1	1	48	0.01	818	1.0108
MCF10A	drugC	1	1	48	0.03162	725	0.847409
MCF10A	drugC	1	1	48	0.1	748	0.888372
MCF10A	drugC	1	1	48	0.3162	729	0.854561
MCF10A	drugC	1	1	48	1	557	0.53523
MCF10A	drugC	1	1	48	3.162	428	0.275951
MCF10A	drugC	1	1	48	10	436	0.292652
MCF10A	drugD	1	1	48	0.001	816	1.00735
MCF10A	drugD	1	1	48	0.003162	809	0.99524
MCF10A	drugD	1	1	48	0.01	797	0.974412
MCF10A	drugD	1	1	48	0.03162	747	0.886598
MCF10A	drugD	1	1	48	0.1	592	0.602353
MCF10A	drugD	1	1	48	0.3162	510	0.443078
MCF10A	drugD	1	1	48	1	500	0.423151
MCF10A	drugD	1	1	48	3.162	545	0.51193
MCF10A	drugD	1	1	48	10	547	0.515824
MCF10A	drugA	1	2	48	0.001	766	0.945285
MCF10A	drugA	1	2	48	0.003162	729	0.877519
MCF10A	drugA	1	2	48	0.01	679	0.784368
MCF10A	drugA	1	2	48	0.03162	545	0.524432
MCF10A	drugA	1	2	48	0.1	394	0.208362
MCF10A	drugA	1	2	48	0.3162	340	0.0872989
MCF10A	drugA	1	2	48	1	295	-0.0178198
MCF10A	drugA	1	2	48	3.162	291	-0.0273762
MCF10A	drugA	1	2	48	10	265	-0.0904344
MCF10A	drugB	1	2	48	0.001	799	1.00494
MCF10A	drugB	1	2	48	0.003162	772	0.956186
MCF10A	drugB	1	2	48	0.01	810	1.02467
MCF10A	drugB	1	2	48	0.03162	767	0.947104
MCF10A	drugB	1	2	48	0.1	720	0.860889
MCF10A	drugB	1	2	48	0.3162	703	0.829315
MCF10A	drugB	1	2	48	1	559	0.552376
MCF10A	drugB	1	2	48	3.162	403	0.228067
MCF10A	drugB	1	2	48	10	288	-0.034568
MCF10A	drugC	1	2	48	0.001	863	1.1187
MCF10A	drugC	1	2	48	0.003162	824	1.04968
MCF10A	drugC	1	2	48	0.01	785	0.979722
MCF10A	drugC	1	2	48	0.03162	771	0.954371
MCF10A	drugC	1	2	48	0.1	826	1.05324
MCF10A	drugC	1	2	48	0.3162	808	1.02109
MCF10A	drugC	1	2	48	1	553	0.540425
MCF10A	drugC	1	2	48	3.162	409	0.241134
MCF10A	drugC	1	2	48	10	376	0.168564
MCF10A	drugD	1	2	48	0.001	816	1.0354
MCF10A	drugD	1	2	48	0.003162	864	1.12045
MCF10A	drugD	1	2	48	0.01	737	0.892252
MCF10A	drugD	1	2	48	0.03162	804	1.01392
MCF10A	drugD	1	2	48	0.1	624	0.67962
MCF10A	drugD	1	2	48	0.3162	547	0.528436
MCF10A	drugD	1	2	48	1	522	0.478076
MCF10A	drugD	1	2	48	3.162	554	0.542419
MCF10A	drugD	1	2	48	10	458	0.345903
MCF10A	drugA	1	1	72	0.001	1285	0.976953
MCF10A	drugA	1	1	72	0.003162	1208	0.920221
MCF10A	drugA	1	1	72	0.01	1065	0.809541
MCF10A	drugA	1	1	72	0.03162	788	0.570091
MCF10A	drugA	1	1	72	0.1	528	0.30013
MCF10A	drugA	1	1	72	0.3162	304	0.00233347
MCF10A	drugA	1	1	72	1	286	-0.0260831
MCF10A	drugA	1	1	72	3.162	246	-0.0928252
MCF10A	drugA	1	1	72	10	294	-0.0133401
MCF10A	drugB	1	1	72	0.001	1357	1.0284
MCF10A	drugB	1	1	72	0.003162	1274	0.968961
MCF10A	drugB	1	1	72	0.01	1234	0.939585
MCF10A	drugB	1	1	72	0.03162	1273	0.968232
MCF10A	drugB	1	1	72	0.1	1228	0.935136
MCF10A	drugB	1	1	72	0.3162	1088	0.827851
MCF10A	drugB	1	1	72	1	864	0.639709
MCF10A	drugB	1	1	72	3.162	545	0.31969
MCF10A	drugB	1	1	72	10	352	0.0740216
MCF10A	drugC	1	1	72	0.001	1355	1.02699
MCF10A	drugC	1	1	72	0.003162	1343	1.01851
MCF10A	drugC	1	1	72	0.01	1249	0.950659
MCF10A	drugC	1	1	72	0.03162	1255	0.955069
MCF10A	drugC	1	1	72	0.1	1305	0.991392
MCF10A	drugC	1	1	72	0.3162	1257	0.956537
MCF10A	drugC	1	1	72	1	831	0.609895
MCF10A	drugC	1	1	72	3.162	467	0.227055
MCF10A	drugC	1	1	72	10	449	0.204538
MCF10A	drugD	1	1	72	0.001	1317	1
MCF10A	drugD	1	1	72	0.003162	1256	0.955803
MCF10A	drugD	1	1	72	0.01	1229	0.935878
MCF10A	drugD	1	1	72	0.03162	1046	0.794257
MCF10A	drugD	1	1	72	0.1	794	0.575712
MCF10A	drugD	1	1	72	0.3162	641	0.424535
MCF10A	drugD	1	1	72	1	656	0.440147
MCF10A	drugD	1	1	72	3.162	660	0.444278
MCF10A	drugD	1	1	72	10	679	0.463722
MCF10A	drugA	1	2	72	0.001	1213	0.955218
MCF10A	drugA	1	2	72	0.003162	1158	0.911902
MCF10A	drugA	1	2	72	0.01	1063	0.834498
MCF10A	drugA	1	2	72	0.03162	770	0.570017
MCF10A	drugA	1	2	72	0.1	463	0.228142
MCF10A	drugA	1	2	72	0.3162	343	0.0625415
MCF10A	drugA	1	2	72	1	268	-0.0567884
MCF10A	drugA	1	2	72	3.162	283	-0.0316592
MCF10A	drugA	1	2	72	10	259	-0.0722163
MCF10A	drugB	1	2	72	0.001	1273	1.00133
MCF10A	drugB	1	2	72	0.003162	1240	0.976111
MCF10A	drugB	1	2	72	0.01	1191	0.938016
MCF10A	drugB	1	2	72	0.03162	1327	1.04188
MCF10A	drugB	1	2	72	0.1	1259	0.990672
MCF10A	drugB	1	2	72	0.3162	1046	0.820275
MCF10A	drugB	1	2	72	1	905	0.697371
MCF10A	drugB	1	2	72	3.162	520	0.298951
MCF10A	drugB	1	2	72	10	328	0.0398478
MCF10A	drugC	1	2	72	0.001	1251	0.984555
MCF10A	drugC	1	2	72	0.003162	1298	1.02021
MCF10A	drugC	1	2	72	0.01	1274	1.00209
MCF10A	drugC	1	2	72	0.03162	1178	0.927774
MCF10A	drugC	1	2	72	0.1	1314	1.03219
MCF10A	drugC	1	2	72	0.3162	1185	0.933296
MCF10A	drugC	1	2	72	1	798	0.597327
MCF10A	drugC	1	2	72	3.162	432	0.18773
MCF10A	drugC	1	2	72	10	455	0.217851
MCF10A	drugD	1	2	72	0.001	1323	1.0389
MCF10A	drugD	1	2	72	0.003162	1295	1.01795
MCF10A	drugD	1	2	72	0.01	1350	1.05889
MCF10A	drugD	1	2	72	0.03162	1232	0.969945
MCF10A	drugD	1	2	72	0.1	893	0.686468
MCF10A	drugD	1	2	72	0.3162	710	0.509712
MCF10A	drugD	1	2	72	1	674	0.472257
MCF10A	drugD	1	2	72	3.162	648	0.444558
MCF10A	drugD	1	2	72	10	648	0.444558
MCF7	drugA	0	1	48	0.001	951	1.03297
MCF7	drugA	0	1	48	0.003162	987	1.09771
MCF7	drugA	0	1	48	0.01	904	0.947859
MCF7	drugA	0	1	48	0.03162	833	0.817959
MCF7	drugA	0	1	48	0.1	631	0.438178
MCF7	drugA	0	1	48	0.3162	561	0.30234
MCF7	drugA	0	1	48	1	486	0.153813
MCF7	drugA	0	1	48	3.162	476	0.133749
MCF7	drugA	0	1	48	10	533	0.247277
MCF7	drugB	0	1	48	0.001	945	1.02214
MCF7	drugB	0	1	48	0.003162	924	0.984158
MCF7	drugB	0	1	48	0.01	946	1.02395
MCF7	drugB	0	1	48	0.03162	926	0.987781
MCF7	drugB	0	1	48	0.1	804	0.764409
MCF7	drugB	0	1	48	0.3162	499	0.179801
MCF7	drugB	0	1	48	1	176	-0.5103
MCF7	drugB	0	1	48	3.162	90	-0.721922
MCF7	drugB	0	1	48	10	68	-0.780491
MCF7	drugC	0	1	48	0.001	915	0.967839
MCF7	drugC	0	1	48	0.003162	916	0.969653
MCF7	drugC	0	1	48	0.01	962	1.05279
MCF7	drugC	0	1	48	0.03162	902	0.944222
MCF7	drugC	0	1	48	0.1	586	0.351142
MCF7	drugC	0	1	48	0.3162	69	-0.777771
MCF7	drugC	0	1	48	1	35	-0.874664
MCF7	drugC	0	1	48	3.162	33	-0.880735
MCF7	drugC	0	1	48	10	35	-0.874664
MCF7	drugD	0	1	48	0.001	976	1.07797
MCF7	drugD	0	1	48	0.003162	904	0.947859
MCF7	drugD	0	1	48	0.01	998	1.11742
MCF7	drugD	0	1	48	0.03162	914	0.966024
MCF7	drugD	0	1	48	0.1	927	0.989592
MCF7	drugD	0	1	48	0.3162	803	0.762557
MCF7	drugD	0	1	48	1	765	0.691915
MCF7	drugD	0	1	48	3.162	707	0.58302
MCF7	drugD	0	1	48	10	646	0.466972
MCF7	drugA	0	2	48	0.001	917	0.944916
MCF7	drugA	0	2	48	0.003162	946	0.99564
MCF7	drugA	0	2	48	0.01	985	1.06343
MCF7	drugA	0	2	48	0.03162	776	0.694118
MCF7	drugA	0	2	48	0.1	642	0.448327
MCF7	drugA	0	2	48	0.3162	475	0.128944
MCF7	drugA	0	2	48	1	505	0.18759
MCF7	drugA	0	2	48	3.162	489	0.15639
MCF7	drugA	0	2	48	10	485	0.148562
MCF7	drugB	0	2	48	0.001	957	1.01481
MCF7	drugB	0	2	48	0.003162	1016	1.11699
MCF7	drugB	0	2	48	0.01	885	0.888621
MCF7	drugB	0	2	48	0.03162	870	0.862112
MCF7	drugB	0	2	48	0.1	775	0.692312
MCF7	drugB	0	2	48	0.3162	433	0.0457455
MCF7	drugB	0	2	48	1	177	-0.500933
MCF7	drugB	0	2	48	3.162	84	-0.730541
MCF7	drugB	0	2	48	10	68	-0.77374
MCF7	drugC	0	2	48	0.001	904	0.922088
MCF7	drugC	0	2	48	0.003162	873	0.86742
MCF7	drugC	0	2	48	0.01	969	1.03568
MCF7	drugC	0	2	48	0.03162	881	0.88156
MCF7	drugC	0	2	48	0.1	550	0.274445
MCF7	drugC	0	2	48	0.3162	74	-0.757354
MCF7	drugC	0	2	48	1	35	-0.869355
MCF7	drugC	0	2	48	3.162	31	-0.88183
MCF7	drugC	0	2	48	10	31	-0.88183
MCF7	drugD	0	2	48	0.001	921	0.951929
MCF7	drugD	0	2	48	0.003162	937	0.979927
MCF7	drugD	0	2	48	0.01	951	1.00436
MCF7	drugD	0	2	48	0.03162	879	0.878027
MCF7	drugD	0	2	48	0.1	875	0.870957
MCF7	drugD	0	2	48	0.3162	888	0.893914
MCF7	drugD	0	2	48	1	691	0.539149
MCF7	drugD	0	2	48	3.162	756	0.657931
MCF7	drugD	0	2	48	10	735	0.619756
MCF7	drugA	0	1	72	0.001	1471	0.991795
MCF7	drugA	0	1	72	0.003162	1378	0.922831
MCF7	drugA	0	1	72	0.01	1291	0.856348
MCF7	drugA	0	1	72	0.03162	1207	0.79017
MCF7	drugA	0	1	72	0.1	786	0.420313
MCF7	drugA	0	1	72	0.3162	589	0.215554
MCF7	drugA	0	1	72	1	514	0.129428
MCF7	drugA	0	1	72	3.162	582	0.207738
MCF7	drugA	0	1	72	10	557	0.179464
MCF7	drugB	0	1	72	0.001	1523	1.02948
MCF7	drugB	0	1	72	0.003162	1470	0.991065
MCF7	drugB	0	1	72	0.01	1412	0.948285
MCF7	drugB	0	1	72	0.03162	1428	0.960166
MCF7	drugB	0	1	72	0.1	1264	0.835299
MCF7	drugB	0	1	72	0.3162	656	0.288306
MCF7	drugB	0	1	72	1	205	-0.312197
MCF7	drugB	0	1	72	3.162	58	-0.651972
MCF7	drugB	0	1	72	10	29	-0.760562
MCF7	drugC	0	1	72	0.001	1343	0.896324
MCF7	drugC	0	1	72	0.003162	1355	0.905448
MCF7	drugC	0	1	72	0.01	1441	0.969774
MCF7	drugC	0	1	72	0.03162	1392	0.933347
MCF7	drugC	0	1	72	0.1	804	0.437771
MCF7	drugC	0	1	72	0.3162	64	-0.632987
MCF7	drugC	0	1	72	1	10	-0.865195
MCF7	drugC	0	1	72	3.162	7	-0.888794
MCF7	drugC	0	1	72	10	8	-0.880487
MCF7	drugD	0	1	72	0.001	1419	0.953491
MCF7	drugD	0	1	72	0.003162	1500	1.01289
MCF7	drugD	0	1	72	0.01	1422	0.955718
MCF7	drugD	0	1	72	0.03162	1309	0.870269
MCF7	drugD	0	1	72	0.1	1447	0.974195
MCF7	drugD	0	1	72	0.3162	1170	0.760349
MCF7	drugD	0	1	72	1	880	0.509574
MCF7	drugD	0	1	72	3.162	878	0.507722
MCF7	drugD	0	1	72	10	915	0.541678
MCF7	drugA	0	2	72	0.001	1512	1.09356
MCF7	drugA	0	2	72	0.003162	1553	1.12552
MCF7	drugA	0	2	72	0.01	1293	0.916008
MCF7	drugA	0	2	72	0.03162	1242	0.872832
MCF7	drugA	0	2	72	0.1	731	0.387128
MCF7	drugA	0	2	72	0.3162	597	0.236823
MCF7	drugA	0	2	72	1	546	0.175824
MCF7	drugA	0	2	72	3.162	569	0.203626
MCF7	drugA	0	2	72	10	540	0.168488
MCF7	drugB	0	2	72	0.001	1475	1.06438
MCF7	drugB	0	2	72	0.003162	1447	1.0421
MCF7	drugB	0	2	72	0.01	1344	0.958452
MCF7	drugB	0	2	72	0.03162	1399	1.00345
MCF7	drugB	0	2	72	0.1	1205	0.841025
MCF7	drugB	0	2	72	0.3162	656	0.304635
MCF7	drugB	0	2	72	1	226	-0.286536
MCF7	drugB	0	2	72	3.162	67	-0.641651
MCF7	drugB	0	2	72	10	32	-0.764201
MCF7	drugC	0	2	72	0.001	1428	1.02687
MCF7	drugC	0	2	72	0.003162	1478	1.06676
MCF7	drugC	0	2	72	0.01	1392	0.997766
MCF7	drugC	0	2	72	0.03162	1418	1.01881
MCF7	drugC	0	2	72	0.1	772	0.43067
MCF7	drugC	0	2	72	0.3162	68	-0.638632
MCF7	drugC	0	2	72	1	13	-0.85843
MCF7	drugC	0	2	72	3.162	9	-0.885047
MCF7	drugC	0	2	72	10	9	-0.885047
MCF7	drugD	0	2	72	0.001	1570	1.13867
MCF7	drugD	0	2	72	0.003162	1441	1.0373
MCF7	drugD	0	2	72	0.01	1412	1.01397
MCF7	drugD	0	2	72	0.03162	1431	1.02928
MCF7	drugD	0	2	72	0.1	1342	0.956801
MCF7	drugD	0	2	72	0.3162	1275	0.900855
MCF7	drugD	0	2	72	1	950	0.609065
MCF7	drugD	0	2	72	3.162	892	0.552667
MCF7	drugD	0	2	72	10	915	0.575217
MCF7	drugA	1	1	48	0.001	841	0.937483
MCF7	drugA	1	1	48	0.003162	854	0.964599
MCF7	drugA	1	1	48	0.01	794	0.839114
MCF7	drugA	1	1	48	0.03162	747	0.740196
MCF7	drugA	1	1	48	0.1	603	0.433283
MCF7	drugA	1	1	48	0.3162	498	0.205173
MCF7	drugA	1	1	48	1	470	0.143612
MCF7	drugA	1	1	48	3.162	478	0.161235
MCF7	drugA	1	1	48	10	486	0.178831
MCF7	drugB	1	1	48	0.001	891	1.04157
MCF7	drugB	1	1	48	0.003162	906	1.07268
MCF7	drugB	1	1	48	0.01	907	1.07475
MCF7	drugB	1	1	48	0.03162	812	0.87685
MCF7	drugB	1	1	48	0.1	779	0.807606
MCF7	drugB	1	1	48	0.3162	431	0.0572857
MCF7	drugB	1	1	48	1	188	-0.501435
MCF7	drugB	1	1	48	3.162	102	-0.713509
MCF7	drugB	1	1	48	10	73	-0.788416
MCF7	drugC	1	1	48	0.001	789	0.828617
MCF7	drugC	1	1	48	0.003162	820	0.893596
MCF7	drugC	1	1	48	0.01	828	0.910327
MCF7	drugC	1	1	48	0.03162	915	1.09133
MCF7	drugC	1	1	48	0.1	559	0.338189
MCF7	drugC	1	1	48	0.3162	80	-0.770114
MCF7	drugC	1	1	48	1	40	-0.877323
MCF7	drugC	1	1	48	3.162	41	-0.874548
MCF7	drugC	1	1	48	10	39	-0.880105
MCF7	drugD	1	1	48	0.001	909	1.0789
MCF7	drugD	1	1	48	0.003162	893	1.04572
MCF7	drugD	1	1	48	0.01	866	0.989595
MCF7	drugD	1	1	48	0.03162	856	0.968767
MCF7	drugD	1	1	48	0.1	867	0.991676
MCF7	drugD	1	1	48	0.3162	856	0.968767
MCF7	drugD	1	1	48	1	714	0.670395
MCF7	drugD	1	1	48	3.162	634	0.499887
MCF7	drugD	1	1	48	10	605	0.437589
MCF7	drugA	1	2	48	0.001	809	0.882186
MCF7	drugA	1	2	48	0.003162	886	1.04547
MCF7	drugA	1	2	48	0.01	813	0.890699
MCF7	drugA	1	2	48	0.03162	748	0.751898
MCF7	drugA	1	2	48	0.1	634	0.505911
MCF7	drugA	1	2	48	0.3162	521	0.258325
MCF7	drugA	1	2	48	1	485	0.178527
MCF7	drugA	1	2	48	3.162	488	0.185195
MCF7	drugA	1	2	48	10	465	0.133979
MCF7	drugB	1	2	48	0.001	796	0.854492
MCF7	drugB	1	2	48	0.003162	897	1.06869
MCF7	drugB	1	2	48	0.01	890	1.05391
MCF7	drugB	1	2	48	0.03162	805	0.873668
MCF7	drugB	1	2	48	0.1	721	0.693946
MCF7	drugB	1	2	48	0.3162	425	0.044385
MCF7	drugB	1	2	48	1	199	-0.478409
MCF7	drugB	1	2	48	3.162	96	-0.732298
MCF7	drugB	1	2	48	10	84	-0.763087
MCF7	drugC	1	2	48	0.001	902	1.07924
MCF7	drugC	1	2	48	0.003162	842	0.952317
MCF7	drugC	1	2	48	0.01	890	1.05391
MCF7	drugC	1	2	48	0.03162	853	0.975642
MCF7	drugC	1	2	48	0.1	508	0.229565
MCF7	drugC	1	2	48	0.3162	72	-0.794254
MCF7	drugC	1	2	48	1	43	-0.871622
MCF7	drugC	1	2	48	3.162	39	-0.882594
MCF7	drugC	1	2	48	10	40	-0.879842
MCF7	drugD	1	2	48	0.001	856	0.981999
MCF7	drugD	1	2	48	0.003162	841	0.950196
MCF7	drugD	1	2	48	0.01	872	1.01587
MCF7	drugD	1	2	48	0.03162	795	0.85236
MCF7	drugD	1	2	48	0.1	823	0.911968
MCF7	drugD	1	2	48	0.3162	759	0.775458
MCF7	drugD	1	2	48	1	627	0.49069
MCF7	drugD	1	2	48	3.162	648	0.536311
MCF7	drugD	1	2	48	10	670	0.583969
MCF7	drugA	1	1	72	0.001	1396	1.17504
MCF7	drugA	1	1	72	0.003162	1267	1.04649
MCF7	drugA	1	1	72	0.01	1226	1.00463
MCF7	drugA	1	1	72	0.03162	1152	0.927726
MCF7	drugA	1	1	72	0.1	784	0.513677
MCF7	drugA	1	1	72	0.3162	605	0.286208
MCF7	drugA	1	1	72	1	517	0.165253
MCF7	drugA	1	1	72	3.162	499	0.139595
MCF7	drugA	1	1	72	10	519	0.168083
MCF7	drugB	1	1	72	0.001	1241	1.02
MCF7	drugB	1	1	72	0.003162	1329	1.10885
MCF7	drugB	1	1	72	0.01	1220	0.998457
MCF7	drugB	1	1	72	0.03162	1161	0.937175
MCF7	drugB	1	1	72	0.1	1060	0.829508
MCF7	drugB	1	1	72	0.3162	610	0.292876
MCF7	drugB	1	1	72	1	201	-0.356377
MCF7	drugB	1	1	72	3.162	62	-0.692608
MCF7	drugB	1	1	72	10	39	-0.77028
MCF7	drugC	1	1	72	0.001	1290	1.06975
MCF7	drugC	1	1	72	0.003162	1326	1.10586
MCF7	drugC	1	1	72	0.01	1196	0.973664
MCF7	drugC	1	1	72	0.03162	1216	0.994337
MCF7	drugC	1	1	72	0.1	732	0.449795
MCF7	drugC	1	1	72	0.3162	67	-0.677258
MCF7	drugC	1	1	72	1	15	-0.873971
MCF7	drugC	1	1	72	3.162	13	-0.884808
MCF7	drugC	1	1	72	10	14	-0.879318
MCF7	drugD	1	1	72	0.001	1370	1.1495
MCF7	drugD	1	1	72	0.003162	1206	0.984017
MCF7	drugD	1	1	72	0.01	1268	1.0475
MCF7	drugD	1	1	72	0.03162	1272	1.05156
MCF7	drugD	1	1	72	0.1	1291	1.07076
MCF7	drugD	1	1	72	0.3162	1107	0.880064
MCF7	drugD	1	1	72	1	930	0.685126
MCF7	drugD	1	1	72	3.162	790	0.520945
MCF7	drugD	1	1	72	10	775	0.502736
MCF7	drugA	1	2	72	0.001	1314	1.07371
MCF7	drugA	1	2	72	0.003162	1387	1.14441
MCF7	drugA	1	2	72	0.01	1263	1.02343
MCF7	drugA	1	2	72	0.03162	1007	0.758281
MCF7	drugA	1	2	72	0.1	789	0.511434
MCF7	drugA	1	2	72	0.3162	587	0.258192
MCF7	drugA	1	2	72	1	540	0.194738
MCF7	drugA	1	2	72	3.162	522	0.169884
MCF7	drugA	1	2	72	10	478	0.107719
MCF7	drugB	1	2	72	0.001	1231	0.991484
MCF7	drugB	1	2	72	0.003162	1249	1.00949
MCF7	drugB	1	2	72	0.01	1223	0.983449
MCF7	drugB	1	2	72	0.03162	1195	0.955168
MCF7	drugB	1	2	72	0.1	1050	0.804466
MCF7	drugB	1	2	72	0.3162	578	0.246195
MCF7	drugB	1	2	72	1	199	-0.356657
MCF7	drugB	1	2	72	3.162	69	-0.666417
MCF7	drugB	1	2	72	10	39	-0.765816
MCF7	drugC	1	2	72	0.001	1189	0.949075
MCF7	drugC	1	2	72	0.003162	1252	1.01248
MCF7	drugC	1	2	72	0.01	1315	1.07469
MCF7	drugC	1	2	72	0.03162	1187	0.947041
MCF7	drugC	1	2	72	0.1	772	0.491157
MCF7	drugC	1	2	72	0.3162	66	-0.675486
MCF7	drugC	1	2	72	1	15	-0.870509
MCF7	drugC	1	2	72	3.162	15	-0.870509
MCF7	drugC	1	2	72	10	14	-0.875931
MCF7	drugD	1	2	72	0.001	1222	0.982443
MCF7	drugD	1	2	72	0.003162	1285	1.04521
MCF7	drugD	1	2	72	0.01	1203	0.963273
MCF7	drugD	1	2	72	0.03162	1320	1.07958
MCF7	drugD	1	2	72	0.1	1253	1.01348
MCF7	drugD	1	2	72	0.3162	1149	0.908152
MCF7	drugD	1	2	72	1	879	0.616138
MCF7	drugD	1	2	72	3.162	849	0.58171
MCF7	drugD	1	2	72	10	784	0.505488
BT20	drugA	0	1	48	0.001	1079	0.916679
BT20	drugA	0	1	48	0.003162	1033	0.848594
BT20	drugA	0	1	48	0.01	1006	0.808392
BT20	drugA	0	1	48	0.03162	1009	0.812868
BT20	drugA	0	1	48	0.1	768	0.445327
BT20	drugA	0	1	48	0.3162	569	0.126775
BT20	drugA	0	1	48	1	522	0.0489484
BT20	drugA	0	1	48	3.162	489	-0.00640568
BT20	drugA	0	1	48	10	508	0.0255397
BT20	drugB	0	1	48	0.001	1049	0.872333
BT20	drugB	0	1	48	0.003162	1102	0.950535
BT20	drugB	0	1	48	0.01	1135	0.998904
BT20	drugB	0	1	48	0.03162	1145	1.01351
BT20	drugB	0	1	48	0.1	1105	0.954942
BT20	drugB	0	1	48	0.3162	1020	0.82926
BT20	drugB	0	1	48	1	1088	0.929941
BT20	drugB	0	1	48	3.162	1105	0.954942
BT20	drugB	0	1	48	10	1061	0.890097
BT20	drugC	0	1	48	0.001	1144	1.01205
BT20	drugC	0	1	48	0.003162	1091	0.934358
BT20	drugC	0	1	48	0.01	1104	0.953474
BT20	drugC	0	1	48	0.03162	1081	0.919628
BT20	drugC	0	1	48	0.1	967	0.749997
BT20	drugC	0	1	48	0.3162	760	0.432817
BT20	drugC	0	1	48	1	401	-0.157291
BT20	drugC	0	1	48	3.162	185	-0.556633
BT20	drugC	0	1	48	10	114	-0.703376
BT20	drugD	0	1	48	0.001	1227	1.13251
BT20	drugD	0	1	48	0.003162	1040	0.858987
BT20	drugD	0	1	48	0.01	965	0.746992
BT20	drugD	0	1	48	0.03162	728	0.382552
BT20	drugD	0	1	48	0.1	628	0.222948
BT20	drugD	0	1	48	0.3162	475	-0.0300792
BT20	drugD	0	1	48	1	472	-0.0351674
BT20	drugD	0	1	48	3.162	446	-0.0794999
BT20	drugD	0	1	48	10	439	-0.0915097
BT20	drugA	0	2	48	0.001	1045	0.800725
BT20	drugA	0	2	48	0.003162	1189	0.992138
BT20	drugA	0	2	48	0.01	978	0.709735
BT20	drugA	0	2	48	0.03162	996	0.73431
BT20	drugA	0	2	48	0.1	764	0.409315
BT20	drugA	0	2	48	0.3162	609	0.180183
BT20	drugA	0	2	48	1	561	0.106749
BT20	drugA	0	2	48	3.162	490	-0.00444884
BT20	drugA	0	2	48	10	521	0.0445061
BT20	drugB	0	2	48	0.001	1097	0.870471
BT20	drugB	0	2	48	0.003162	1071	0.83569
BT20	drugB	0	2	48	0.01	1095	0.867802
BT20	drugB	0	2	48	0.03162	1126	0.909054
BT20	drugB	0	2	48	0.1	1261	1.08593
BT20	drugB	0	2	48	0.3162	1081	0.849089
BT20	drugB	0	2	48	1	1180	0.980328
BT20	drugB	0	2	48	3.162	1182	0.982954
BT20	drugB	0	2	48	10	1172	0.969815
BT20	drugC	0	2	48	0.001	1070	0.834349
BT20	drugC	0	2	48	0.003162	1177	0.976388
BT20	drugC	0	2	48	0.01	1084	0.853103
BT20	drugC	0	2	48	0.03162	1111	0.889124
BT20	drugC	0	2	48	0.1	908	0.613208
BT20	drugC	0	2	48	0.3162	710	0.330751
BT20	drugC	0	2	48	1	413	-0.129106
BT20	drugC	0	2	48	3.162	181	-0.543318
BT20	drugC	0	2	48	10	102	-0.708454
BT20	drugD	0	2	48	0.001	1138	0.924955
BT20	drugD	0	2	48	0.003162	1078	0.845072
BT20	drugD	0	2	48	0.01	944	0.663045
BT20	drugD	0	2	48	0.03162	717	0.341006
BT20	drugD	0	2	48	0.1	626	0.205885
BT20	drugD	0	2	48	0.3162	523	0.0476424
BT20	drugD	0	2	48	1	519	0.0413672
BT20	drugD	0	2	48	3.162	486	-0.0108139
BT20	drugD	0	2	48	10	442	-0.0816091
BT20	drugA	0	3	48	0.001	1057	0.928386
BT20	drugA	0	3	48	0.003162	1139	1.05645
BT20	drugA	0	3	48	0.01	1026	0.879615
BT20	drugA	0	3	48	0.03162	952	0.762348
BT20	drugA	0	3	48	0.1	734	0.408961
BT20	drugA	0	3	48	0.3162	649	0.267362
BT20	drugA	0	3	48	1	553	0.104269
BT20	drugA	0	3	48	3.162	526	0.0577106
BT20	drugA	0	3	48	10	532	0.0680852
BT20	drugB	0	3	48	0.001	1125	1.03468
BT20	drugB	0	3	48	0.003162	1201	1.15242
BT20	drugB	0	3	48	0.01	1102	0.998829
BT20	drugB	0	3	48	0.03162	1116	1.02066
BT20	drugB	0	3	48	0.1	1051	0.918962
BT20	drugB	0	3	48	0.3162	1065	0.940939
BT20	drugB	0	3	48	1	1124	1.03312
BT20	drugB	0	3	48	3.162	1090	0.980084
BT20	drugB	0	3	48	10	1075	0.956612
BT20	drugC	0	3	48	0.001	1181	1.12154
BT20	drugC	0	3	48	0.003162	1071	0.950345
BT20	drugC	0	3	48	0.01	1173	1.10917
BT20	drugC	0	3	48	0.03162	1085	0.972265
BT20	drugC	0	3	48	0.1	967	0.786218
BT20	drugC	0	3	48	0.3162	677	0.314277
BT20	drugC	0	3	48	1	423	-0.123163
BT20	drugC	0	3	48	3.162	187	-0.565639
BT20	drugC	0	3	48	10	105	-0.735669
BT20	drugD	0	3	48	0.001	1224	1.18785
BT20	drugD	0	3	48	0.003162	1048	0.914247
BT20	drugD	0	3	48	0.01	922	0.714449
BT20	drugD	0	3	48	0.03162	702	0.355937
BT20	drugD	0	3	48	0.1	556	0.109422
BT20	drugD	0	3	48	0.3162	465	-0.0487415
BT20	drugD	0	3	48	1	476	-0.029408
BT20	drugD	0	3	48	3.162	448	-0.0787467
BT20	drugD	0	3	48	10	443	-0.0876018
BT20	drugA	0	1	72	0.001	1710	0.965306
BT20	drugA	0	1	72	0.003162	1796	1.01838
BT20	drugA	0	1	72	0.01	1691	0.953417
BT20	drugA	0	1	72	0.03162	1343	0.723661
BT20	drugA	0	1	72	0.1	1082	0.532803
BT20	drugA	0	1	72	0.3162	773	0.276948
BT20	drugA	0	1	72	1	585	0.097615
BT20	drugA	0	1	72	3.162	581	0.0935329
BT20	drugA	0	1	72	10	510	0.0188056
BT20	drugB	0	1	72	0.001	1741	0.984574
BT20	drugB	0	1	72	0.003162	1762	0.997539
BT20	drugB	0	1	72	0.01	1632	0.916104
BT20	drugB	0	1	72	0.03162	1766	1
BT20	drugB	0	1	72	0.1	1730	0.977755
BT20	drugB	0	1	72	0.3162	1723	0.973405
BT20	drugB	0	1	72	1	1837	1.04327
BT20	drugB	0	1	72	3.162	1757	0.994458
BT20	drugB	0	1	72	10	1663	0.935784
BT20	drugC	0	1	72	0.001	1765	0.999385
BT20	drugC	0	1	72	0.003162	1720	0.971539
BT20	drugC	0	1	72	0.01	1609	0.901391
BT20	drugC	0	1	72	0.03162	1724	0.974027
BT20	drugC	0	1	72	0.1	1513	0.838918
BT20	drugC	0	1	72	0.3162	1087	0.536645
BT20	drugC	0	1	72	1	549	0.0604019
BT20	drugC	0	1	72	3.162	217	-0.359446
BT20	drugC	0	1	72	10	72	-0.648148
BT20	drugD	0	1	72	0.001	1676	0.943987
BT20	drugD	0	1	72	0.003162	1512	0.838258
BT20	drugD	0	1	72	0.01	1288	0.684961
BT20	drugD	0	1	72	0.03162	1029	0.491561
BT20	drugD	0	1	72	0.1	648	0.160306
BT20	drugD	0	1	72	0.3162	510	0.0188056
BT20	drugD	0	1	72	1	451	-0.0469947
BT20	drugD	0	1	72	3.162	420	-0.0831466
BT20	drugD	0	1	72	10	475	-0.0197802
BT20	drugA	0	2	72	0.001	1740	1.01254
BT20	drugA	0	2	72	0.003162	1744	1.0151
BT20	drugA	0	2	72	0.01	1707	0.991284
BT20	drugA	0	2	72	0.03162	1386	0.774094
BT20	drugA	0	2	72	0.1	1064	0.532215
BT20	drugA	0	2	72	0.3162	698	0.212877
BT20	drugA	0	2	72	1	597	0.112202
BT20	drugA	0	2	72	3.162	532	0.043347
BT20	drugA	0	2	72	10	493	0.000224979
BT20	drugB	0	2	72	0.001	1715	0.996453
BT20	drugB	0	2	72	0.003162	1707	0.991284
BT20	drugB	0	2	72	0.01	1664	0.963317
BT20	drugB	0	2	72	0.03162	1678	0.972458
BT20	drugB	0	2	72	0.1	1642	0.948884
BT20	drugB	0	2	72	0.3162	1779	1.03742
BT20	drugB	0	2	72	1	1751	1.01958
BT20	drugB	0	2	72	3.162	1663	0.962663
BT20	drugB	0	2	72	10	1663	0.962663
BT20	drugC	0	2	72	0.001	1625	0.937672
BT20	drugC	0	2	72	0.003162	1712	0.994516
BT20	drugC	0	2	72	0.01	1763	1.02724
BT20	drugC	0	2	72	0.03162	1603	0.923084
BT20	drugC	0	2	72	0.1	1459	0.825305
BT20	drugC	0	2	72	0.3162	1155	0.603536
BT20	drugC	0	2	72	1	502	0.0103073
BT20	drugC	0	2	72	3.162	201	-0.391759
BT20	drugC	0	2	72	10	81	-0.632508
BT20	drugD	0	2	72	0.001	1776	1.03551
BT20	drugD	0	2	72	0.003162	1594	0.91709
BT20	drugD	0	2	72	0.01	1402	0.785419
BT20	drugD	0	2	72	0.03162	933	0.424576
BT20	drugD	0	2	72	0.1	675	0.190555
BT20	drugD	0	2	72	0.3162	517	0.0269339
BT20	drugD	0	2	72	1	468	-0.0282206
BT20	drugD	0	2	72	3.162	467	-0.0293724
BT20	drugD	0	2	72	10	446	-0.0538181
BT20	drugA	0	3	72	0.001	1806	1.05485
BT20	drugA	0	3	72	0.003162	1743	1.01479
BT20	drugA	0	3	72	0.01	1462	0.827641
BT20	drugA	0	3	72	0.03162	1412	0.792711
BT20	drugA	0	3	72	0.1	1024	0.500149
BT20	drugA	0	3	72	0.3162	710	0.224451
BT20	drugA	0	3	72	1	549	0.0617158
BT20	drugA	0	3	72	3.162	557	0.0702674
BT20	drugA	0	3	72	10	522	0.0324359
BT20	drugB	0	3	72	0.001	1688	0.97928
BT20	drugB	0	3	72	0.003162	1665	0.964279
BT20	drugB	0	3	72	0.01	1595	0.918047
BT20	drugB	0	3	72	0.03162	1786	1.0422
BT20	drugB	0	3	72	0.1	1568	0.899974
BT20	drugB	0	3	72	0.3162	1535	0.877696
BT20	drugB	0	3	72	1	1619	0.933998
BT20	drugB	0	3	72	3.162	1620	0.934661
BT20	drugB	0	3	72	10	1770	1.03203
BT20	drugC	0	3	72	0.001	1682	0.975376
BT20	drugC	0	3	72	0.003162	1587	0.912707
BT20	drugC	0	3	72	0.01	1659	0.960351
BT20	drugC	0	3	72	0.03162	1806	1.05485
BT20	drugC	0	3	72	0.1	1417	0.796229
BT20	drugC	0	3	72	0.3162	1071	0.537949
BT20	drugC	0	3	72	1	545	0.0574192
BT20	drugC	0	3	72	3.162	219	-0.362206
BT20	drugC	0	3	72	10	88	-0.615312
BT20	drugD	0	3	72	0.001	1709	0.992897
BT20	drugD	0	3	72	0.003162	1568	0.899974
BT20	drugD	0	3	72	0.01	1413	0.793415
BT20	drugD	0	3	72	0.03162	886	0.384437
BT20	drugD	0	3	72	0.1	635	0.150947
BT20	drugD	0	3	72	0.3162	468	-0.0282271
BT20	drugD	0	3	72	1	464	-0.0328417
BT20	drugD	0	3	72	3.162	431	-0.0716108
BT20	drugD	0	3	72	10	475	-0.0201936
BT20	drugA	1	1	48	0.001	853	0.970156
BT20	drugA	1	1	48	0.003162	824	0.886225
BT20	drugA	1	1	48	0.01	816	0.863204
BT20	drugA	1	1	48	0.03162	763	0.712187
BT20	drugA	1	1	48	0.1	688	0.503116
BT20	drugA	1	1	48	0.3162	554	0.144406
BT20	drugA	1	1	48	1	490	-0.0194337
BT20	drugA	1	1	48	3.162	507	0.0235757
BT20	drugA	1	1	48	10	554	0.144406
BT20	drugB	1	1	48	0.001	787	0.780247
BT20	drugB	1	1	48	0.003162	846	0.949828
BT20	drugB	1	1	48	0.01	828	0.897757
BT20	drugB	1	1	48	0.03162	882	1.05483
BT20	drugB	1	1	48	0.1	800	0.817339
BT20	drugB	1	1	48	0.3162	830	0.903528
BT20	drugB	1	1	48	1	854	0.973064
BT20	drugB	1	1	48	3.162	907	1.1284
BT20	drugB	1	1	48	10	934	1.20846
BT20	drugC	1	1	48	0.001	894	1.09008
BT20	drugC	1	1	48	0.003162	890	1.07832
BT20	drugC	1	1	48	0.01	811	0.848846
BT20	drugC	1	1	48	0.03162	864	1.00219
BT20	drugC	1	1	48	0.1	734	0.630685
BT20	drugC	1	1	48	0.3162	595	0.252009
BT20	drugC	1	1	48	1	348	-0.362588
BT20	drugC	1	1	48	3.162	197	-0.688548
BT20	drugC	1	1	48	10	166	-0.748927
BT20	drugD	1	1	48	0.001	873	1.02847
BT20	drugD	1	1	48	0.003162	845	0.946928
BT20	drugD	1	1	48	0.01	750	0.675551
BT20	drugD	1	1	48	0.03162	628	0.340027
BT20	drugD	1	1	48	0.1	536	0.0978043
BT20	drugD	1	1	48	0.3162	499	0.00328872
BT20	drugD	1	1	48	1	536	0.0978043
BT20	drugD	1	1	48	3.162	482	-0.039541
BT20	drugD	1	1	48	10	482	-0.039541
BT20	drugA	1	2	48	0.001	849	0.943583
BT20	drugA	1	2	48	0.003162	806	0.821864
BT20	drugA	1	2	48	0.01	855	0.960689
BT20	drugA	1	2	48	0.03162	811	0.835937
BT20	drugA	1	2	48	0.1	692	0.506979
BT20	drugA	1	2	48	0.3162	576	0.19938
BT20	drugA	1	2	48	1	509	0.028329
BT20	drugA	1	2	48	3.162	509	0.028329
BT20	drugA	1	2	48	10	554	0.142648
BT20	drugB	1	2	48	0.001	805	0.819051
BT20	drugB	1	2	48	0.003162	881	1.03515
BT20	drugB	1	2	48	0.01	927	1.16821
BT20	drugB	1	2	48	0.03162	914	1.13044
BT20	drugB	1	2	48	0.1	878	1.02653
BT20	drugB	1	2	48	0.3162	892	1.06682
BT20	drugB	1	2	48	1	818	0.855676
BT20	drugB	1	2	48	3.162	856	0.963542
BT20	drugB	1	2	48	10	880	1.03228
BT20	drugC	1	2	48	0.001	897	1.08124
BT20	drugC	1	2	48	0.003162	882	1.03803
BT20	drugC	1	2	48	0.01	872	1.00931
BT20	drugC	1	2	48	0.03162	844	0.92935
BT20	drugC	1	2	48	0.1	733	0.61887
BT20	drugC	1	2	48	0.3162	601	0.264494
BT20	drugC	1	2	48	1	339	-0.379859
BT20	drugC	1	2	48	3.162	203	-0.672372
BT20	drugC	1	2	48	10	150	-0.77516
BT20	drugD	1	2	48	0.001	865	0.989264
BT20	drugD	1	2	48	0.003162	849	0.943583
BT20	drugD	1	2	48	0.01	743	0.646397
BT20	drugD	1	2	48	0.03162	581	0.212349
BT20	drugD	1	2	48	0.1	534	0.0915478
BT20	drugD	1	2	48	0.3162	503	0.0132677
BT20	drugD	1	2	48	1	498	0.000750085
BT20	drugD	1	2	48	3.162	443	-0.134866
BT20	drugD	1	2	48	10	478	-0.0490114
BT20	drugA	1	3	48	0.001	814	0.827869
BT20	drugA	1	3	48	0.003162	941	1.18344
BT20	drugA	1	3	48	0.01	854	0.938596
BT20	drugA	1	3	48	0.03162	781	0.737439
BT20	drugA	1	3	48	0.1	706	0.53516
BT20	drugA	1	3	48	0.3162	543	0.112712
BT20	drugA	1	3	48	1	512	0.0353394
BT20	drugA	1	3	48	3.162	525	0.0676605
BT20	drugA	1	3	48	10	528	0.0751452
BT20	drugB	1	3	48	0.001	897	1.05894
BT20	drugB	1	3	48	0.003162	851	0.93025
BT20	drugB	1	3	48	0.01	952	1.21477
BT20	drugB	1	3	48	0.03162	850	0.927469
BT20	drugB	1	3	48	0.1	876	1
BT20	drugB	1	3	48	0.3162	812	0.822365
BT20	drugB	1	3	48	1	855	0.941379
BT20	drugB	1	3	48	3.162	908	1.08994
BT20	drugB	1	3	48	10	924	1.13518
BT20	drugC	1	3	48	0.001	786	0.751086
BT20	drugC	1	3	48	0.003162	808	0.811365
BT20	drugC	1	3	48	0.01	821	0.84716
BT20	drugC	1	3	48	0.03162	890	1.03926
BT20	drugC	1	3	48	0.1	776	0.723812
BT20	drugC	1	3	48	0.3162	608	0.278157
BT20	drugC	1	3	48	1	351	-0.348277
BT20	drugC	1	3	48	3.162	198	-0.676983
BT20	drugC	1	3	48	10	153	-0.764525
BT20	drugD	1	3	48	0.001	925	1.13801
BT20	drugD	1	3	48	0.003162	898	1.06175
BT20	drugD	1	3	48	0.01	710	0.54583
BT20	drugD	1	3	48	0.03162	624	0.319517
BT20	drugD	1	3	48	0.1	516	0.0452649
BT20	drugD	1	3	48	0.3162	500	0.00566866
BT20	drugD	1	3	48	1	502	0.0106027
BT20	drugD	1	3	48	3.162	481	-0.0409806
BT20	drugD	1	3	48	10	456	-0.101727
BT20	drugA	1	1	72	0.001	1216	1.13361
BT20	drugA	1	1	72	0.003162	1025	0.845701
BT20	drugA	1	1	72	0.01	1040	0.868589
BT20	drugA	1	1	72	0.03162	994	0.798238
BT20	drugA	1	1	72	0.1	850	0.574671
BT20	drugA	1	1	72	0.3162	620	0.204894
BT20	drugA	1	1	72	1	577	0.133622
BT20	drugA	1	1	72	3.162	491	-0.0114316
BT20	drugA	1	1	72	10	536	0.0649104
BT20	drugB	1	1	72	0.001	1074	0.920284
BT20	drugB	1	1	72	0.003162	1192	1.09783
BT20	drugB	1	1	72	0.01	1097	0.955113
BT20	drugB	1	1	72	0.03162	1242	1.17224
BT20	drugB	1	1	72	0.1	1077	0.924833
BT20	drugB	1	1	72	0.3162	1077	0.924833
BT20	drugB	1	1	72	1	1115	0.982293
BT20	drugB	1	1	72	3.162	1092	0.947551
BT20	drugB	1	1	72	10	1051	0.885342
BT20	drugC	1	1	72	0.001	1182	1.08289
BT20	drugC	1	1	72	0.003162	1057	0.894468
BT20	drugC	1	1	72	0.01	1082	0.932411
BT20	drugC	1	1	72	0.03162	1087	0.939984
BT20	drugC	1	1	72	0.1	953	0.735117
BT20	drugC	1	1	72	0.3162	768	0.444826
BT20	drugC	1	1	72	1	415	-0.142859
BT20	drugC	1	1	72	3.162	175	-0.58797
BT20	drugC	1	1	72	10	104	-0.735024
BT20	drugD	1	1	72	0.001	1196	1.1038
BT20	drugD	1	1	72	0.003162	1112	0.977768
BT20	drugD	1	1	72	0.01	954	0.736661
BT20	drugD	1	1	72	0.03162	808	0.508415
BT20	drugD	1	1	72	0.1	631	0.223004
BT20	drugD	1	1	72	0.3162	516	0.0311057
BT20	drugD	1	1	72	1	462	-0.0611895
BT20	drugD	1	1	72	3.162	449	-0.0836474
BT20	drugD	1	1	72	10	516	0.0311057
BT20	drugA	1	2	72	0.001	1046	0.862956
BT20	drugA	1	2	72	0.003162	1139	1.00074
BT20	drugA	1	2	72	0.01	1089	0.926898
BT20	drugA	1	2	72	0.03162	1041	0.855493
BT20	drugA	1	2	72	0.1	728	0.375159
BT20	drugA	1	2	72	0.3162	583	0.141692
BT20	drugA	1	2	72	1	526	0.0474162
BT20	drugA	1	2	72	3.162	510	0.0206608
BT20	drugA	1	2	72	10	491	-0.0112891
BT20	drugB	1	2	72	0.001	1060	0.88382
BT20	drugB	1	2	72	0.003162	1116	0.966837
BT20	drugB	1	2	72	0.01	1121	0.974216
BT20	drugB	1	2	72	0.03162	1031	0.840551
BT20	drugB	1	2	72	0.1	1217	1.11489
BT20	drugB	1	2	72	0.3162	1022	0.827083
BT20	drugB	1	2	72	1	1111	0.959453
BT20	drugB	1	2	72	3.162	1206	1.09886
BT20	drugB	1	2	72	10	1118	0.969789
BT20	drugC	1	2	72	0.001	1102	0.946147
BT20	drugC	1	2	72	0.003162	1135	0.994848
BT20	drugC	1	2	72	0.01	1136	0.996321
BT20	drugC	1	2	72	0.03162	1147	1.0125
BT20	drugC	1	2	72	0.1	1035	0.846531
BT20	drugC	1	2	72	0.3162	732	0.381485
BT20	drugC	1	2	72	1	402	-0.163794
BT20	drugC	1	2	72	3.162	183	-0.567468
BT20	drugC	1	2	72	10	102	-0.734922
BT20	drugD	1	2	72	0.001	1108	0.95502
BT20	drugD	1	2	72	0.003162	1108	0.95502
BT20	drugD	1	2	72	0.01	974	0.754921
BT20	drugD	1	2	72	0.03162	763	0.430328
BT20	drugD	1	2	72	0.1	524	0.044079
BT20	drugD	1	2	72	0.3162	497	-0.00117829
BT20	drugD	1	2	72	1	504	0.0105926
BT20	drugD	1	2	72	3.162	525	0.0457479
BT20	drugD	1	2	72	10	436	-0.104945
BT20	drugA	1	3	72	0.001	1130	0.981018
BT20	drugA	1	3	72	0.003162	1225	1.11893
BT20	drugA	1	3	72	0.01	1066	0.887027
BT20	drugA	1	3	72	0.03162	1015	0.811456
BT20	drugA	1	3	72	0.1	803	0.490043
BT20	drugA	1	3	72	0.3162	664	0.271684
BT20	drugA	1	3	72	1	497	-0.00117271
BT20	drugA	1	3	72	3.162	506	0.0138842
BT20	drugA	1	3	72	10	512	0.0238973
BT20	drugB	1	3	72	0.001	1092	0.925321
BT20	drugB	1	3	72	0.003162	1125	0.973707
BT20	drugB	1	3	72	0.01	1187	1.06398
BT20	drugB	1	3	72	0.03162	1190	1.06833
BT20	drugB	1	3	72	0.1	1131	0.982479
BT20	drugB	1	3	72	0.3162	1154	1.01603
BT20	drugB	1	3	72	1	1200	1.08281
BT20	drugB	1	3	72	3.162	1105	0.944411
BT20	drugB	1	3	72	10	1081	0.909138
BT20	drugC	1	3	72	0.001	1203	1.08715
BT20	drugC	1	3	72	0.003162	1222	1.1146
BT20	drugC	1	3	72	0.01	1068	0.889978
BT20	drugC	1	3	72	0.03162	1200	1.08281
BT20	drugC	1	3	72	0.1	1058	0.875213
BT20	drugC	1	3	72	0.3162	810	0.500864
BT20	drugC	1	3	72	1	416	-0.138855
BT20	drugC	1	3	72	3.162	195	-0.542131
BT20	drugC	1	3	72	10	108	-0.720227
BT20	drugD	1	3	72	0.001	1156	1.01895
BT20	drugD	1	3	72	0.003162	1112	0.954675
BT20	drugD	1	3	72	0.01	983	0.763717
BT20	drugD	1	3	72	0.03162	754	0.413846
BT20	drugD	1	3	72	0.1	559	0.101679
BT20	drugD	1	3	72	0.3162	490	-0.012915
BT20	drugD	1	3	72	1	440	-0.0976298
BT20	drugD	1	3	72	3.162	506	0.0138842
BT20	drugD	1	3	72	10	506	0.0138842
