	cell_line	agent	perturbation	replicate	time	concentration	cell_count	ctrl_tag	time0_tag
28	MCF10A	drugA	0	1	48	0.001	384	c_1	t0_1
29	MCF10A	drugA	0	1	48	0.003162	484	c_1	t0_1
30	MCF10A	drugA	0	1	48	0.01	500	c_1	t0_1
31	MCF10A	drugA	0	1	48	0.03162	321	c_1	t0_1
32	MCF10A	drugA	0	1	48	0.1	389	c_1	t0_1
33	MCF10A	drugA	0	1	48	0.3162	366	c_1	t0_1
34	MCF10A	drugA	0	1	48	1	386	c_1	t0_1
35	MCF10A	drugA	0	1	48	3.162	131	c_1	t0_1
36	MCF10A	drugA	0	1	48	10	136	c_1	t0_1
37	MCF10A	drugB	0	1	48	0.001	228	c_1	t0_1
38	MCF10A	drugB	0	1	48	0.003162	373	c_1	t0_1
39	MCF10A	drugB	0	1	48	0.01	463	c_1	t0_1
40	MCF10A	drugB	0	1	48	0.03162	358	c_1	t0_1
41	MCF10A	drugB	0	1	48	0.1	378	c_1	t0_1
42	MCF10A	drugB	0	1	48	0.3162	308	c_1	t0_1
43	MCF10A	drugB	0	1	48	1	230	c_1	t0_1
44	MCF10A	drugB	0	1	48	3.162	115	c_1	t0_1
45	MCF10A	drugB	0	1	48	10	140	c_1	t0_1
46	MCF10A	drugC	0	1	48	0.001	228	c_1	t0_1
47	MCF10A	drugC	0	1	48	0.003162	316	c_1	t0_1
48	MCF10A	drugC	0	1	48	0.01	343	c_1	t0_1
49	MCF10A	drugC	0	1	48	0.03162	271	c_1	t0_1
50	MCF10A	drugC	0	1	48	0.1	478	c_1	t0_1
51	MCF10A	drugC	0	1	48	0.3162	328	c_1	t0_1
52	MCF10A	drugC	0	1	48	1	182	c_1	t0_1
53	MCF10A	drugC	0	1	48	3.162	237	c_1	t0_1
54	MCF10A	drugC	0	1	48	10	239	c_1	t0_1
55	MCF10A	drugD	0	1	48	0.001	344	c_1	t0_1
56	MCF10A	drugD	0	1	48	0.003162	228	c_1	t0_1
57	MCF10A	drugD	0	1	48	0.01	258	c_1	t0_1
58	MCF10A	drugD	0	1	48	0.03162	302	c_1	t0_1
59	MCF10A	drugD	0	1	48	0.1	212	c_1	t0_1
60	MCF10A	drugD	0	1	48	0.3162	186	c_1	t0_1
61	MCF10A	drugD	0	1	48	1	104	c_1	t0_1
62	MCF10A	drugD	0	1	48	3.162	141	c_1	t0_1
63	MCF10A	drugD	0	1	48	10	109	c_1	t0_1
72	MCF10A	drugA	0	2	48	0.001	371	c_2	t0_1
73	MCF10A	drugA	0	2	48	0.003162	444	c_2	t0_1
74	MCF10A	drugA	0	2	48	0.01	284	c_2	t0_1
75	MCF10A	drugA	0	2	48	0.03162	390	c_2	t0_1
76	MCF10A	drugA	0	2	48	0.1	450	c_2	t0_1
77	MCF10A	drugA	0	2	48	0.3162	364	c_2	t0_1
78	MCF10A	drugA	0	2	48	1	189	c_2	t0_1
79	MCF10A	drugA	0	2	48	3.162	201	c_2	t0_1
80	MCF10A	drugA	0	2	48	10	113	c_2	t0_1
81	MCF10A	drugB	0	2	48	0.001	318	c_2	t0_1
82	MCF10A	drugB	0	2	48	0.003162	275	c_2	t0_1
83	MCF10A	drugB	0	2	48	0.01	225	c_2	t0_1
84	MCF10A	drugB	0	2	48	0.03162	368	c_2	t0_1
85	MCF10A	drugB	0	2	48	0.1	407	c_2	t0_1
86	MCF10A	drugB	0	2	48	0.3162	383	c_2	t0_1
87	MCF10A	drugB	0	2	48	1	371	c_2	t0_1
88	MCF10A	drugB	0	2	48	3.162	215	c_2	t0_1
89	MCF10A	drugB	0	2	48	10	214	c_2	t0_1
90	MCF10A	drugC	0	2	48	0.001	341	c_2	t0_1
91	MCF10A	drugC	0	2	48	0.003162	347	c_2	t0_1
92	MCF10A	drugC	0	2	48	0.01	259	c_2	t0_1
93	MCF10A	drugC	0	2	48	0.03162	479	c_2	t0_1
94	MCF10A	drugC	0	2	48	0.1	257	c_2	t0_1
95	MCF10A	drugC	0	2	48	0.3162	344	c_2	t0_1
96	MCF10A	drugC	0	2	48	1	220	c_2	t0_1
97	MCF10A	drugC	0	2	48	3.162	200	c_2	t0_1
98	MCF10A	drugC	0	2	48	10	171	c_2	t0_1
99	MCF10A	drugD	0	2	48	0.001	314	c_2	t0_1
100	MCF10A	drugD	0	2	48	0.003162	320	c_2	t0_1
101	MCF10A	drugD	0	2	48	0.01	440	c_2	t0_1
102	MCF10A	drugD	0	2	48	0.03162	260	c_2	t0_1
103	MCF10A	drugD	0	2	48	0.1	218	c_2	t0_1
104	MCF10A	drugD	0	2	48	0.3162	87	c_2	t0_1
105	MCF10A	drugD	0	2	48	1	130	c_2	t0_1
106	MCF10A	drugD	0	2	48	3.162	132	c_2	t0_1
107	MCF10A	drugD	0	2	48	10	79	c_2	t0_1
116	MCF10A	drugA	0	1	72	0.001	760	c_3	t0_1
117	MCF10A	drugA	0	1	72	0.003162	495	c_3	t0_1
118	MCF10A	drugA	0	1	72	0.01	540	c_3	t0_1
119	MCF10A	drugA	0	1	72	0.03162	533	c_3	t0_1
120	MCF10A	drugA	0	1	72	0.1	804	c_3	t0_1
121	MCF10A	drugA	0	1	72	0.3162	748	c_3	t0_1
122	MCF10A	drugA	0	1	72	1	480	c_3	t0_1
123	MCF10A	drugA	0	1	72	3.162	315	c_3	t0_1
124	MCF10A	drugA	0	1	72	10	246	c_3	t0_1
125	MCF10A	drugB	0	1	72	0.001	487	c_3	t0_1
126	MCF10A	drugB	0	1	72	0.003162	688	c_3	t0_1
127	MCF10A	drugB	0	1	72	0.01	745	c_3	t0_1
128	MCF10A	drugB	0	1	72	0.03162	506	c_3	t0_1
129	MCF10A	drugB	0	1	72	0.1	618	c_3	t0_1
130	MCF10A	drugB	0	1	72	0.3162	564	c_3	t0_1
131	MCF10A	drugB	0	1	72	1	514	c_3	t0_1
132	MCF10A	drugB	0	1	72	3.162	151	c_3	t0_1
133	MCF10A	drugB	0	1	72	10	221	c_3	t0_1
134	MCF10A	drugC	0	1	72	0.001	735	c_3	t0_1
135	MCF10A	drugC	0	1	72	0.003162	763	c_3	t0_1
136	MCF10A	drugC	0	1	72	0.01	838	c_3	t0_1
137	MCF10A	drugC	0	1	72	0.03162	608	c_3	t0_1
138	MCF10A	drugC	0	1	72	0.1	728	c_3	t0_1
139	MCF10A	drugC	0	1	72	0.3162	367	c_3	t0_1
140	MCF10A	drugC	0	1	72	1	313	c_3	t0_1
141	MCF10A	drugC	0	1	72	3.162	264	c_3	t0_1
142	MCF10A	drugC	0	1	72	10	384	c_3	t0_1
143	MCF10A	drugD	0	1	72	0.001	664	c_3	t0_1
144	MCF10A	drugD	0	1	72	0.003162	827	c_3	t0_1
145	MCF10A	drugD	0	1	72	0.01	655	c_3	t0_1
146	MCF10A	drugD	0	1	72	0.03162	388	c_3	t0_1
147	MCF10A	drugD	0	1	72	0.1	487	c_3	t0_1
148	MCF10A	drugD	0	1	72	0.3162	133	c_3	t0_1
149	MCF10A	drugD	0	1	72	1	126	c_3	t0_1
150	MCF10A	drugD	0	1	72	3.162	166	c_3	t0_1
151	MCF10A	drugD	0	1	72	10	190	c_3	t0_1
160	MCF10A	drugA	0	2	72	0.001	828	c_4	t0_1
161	MCF10A	drugA	0	2	72	0.003162	709	c_4	t0_1
162	MCF10A	drugA	0	2	72	0.01	526	c_4	t0_1
163	MCF10A	drugA	0	2	72	0.03162	849	c_4	t0_1
164	MCF10A	drugA	0	2	72	0.1	577	c_4	t0_1
165	MCF10A	drugA	0	2	72	0.3162	426	c_4	t0_1
166	MCF10A	drugA	0	2	72	1	730	c_4	t0_1
167	MCF10A	drugA	0	2	72	3.162	452	c_4	t0_1
168	MCF10A	drugA	0	2	72	10	231	c_4	t0_1
169	MCF10A	drugB	0	2	72	0.001	670	c_4	t0_1
170	MCF10A	drugB	0	2	72	0.003162	433	c_4	t0_1
171	MCF10A	drugB	0	2	72	0.01	419	c_4	t0_1
172	MCF10A	drugB	0	2	72	0.03162	736	c_4	t0_1
173	MCF10A	drugB	0	2	72	0.1	399	c_4	t0_1
174	MCF10A	drugB	0	2	72	0.3162	353	c_4	t0_1
175	MCF10A	drugB	0	2	72	1	372	c_4	t0_1
176	MCF10A	drugB	0	2	72	3.162	148	c_4	t0_1
177	MCF10A	drugB	0	2	72	10	239	c_4	t0_1
178	MCF10A	drugC	0	2	72	0.001	405	c_4	t0_1
179	MCF10A	drugC	0	2	72	0.003162	544	c_4	t0_1
180	MCF10A	drugC	0	2	72	0.01	701	c_4	t0_1
181	MCF10A	drugC	0	2	72	0.03162	582	c_4	t0_1
182	MCF10A	drugC	0	2	72	0.1	531	c_4	t0_1
183	MCF10A	drugC	0	2	72	0.3162	539	c_4	t0_1
184	MCF10A	drugC	0	2	72	1	391	c_4	t0_1
185	MCF10A	drugC	0	2	72	3.162	287	c_4	t0_1
186	MCF10A	drugC	0	2	72	10	287	c_4	t0_1
187	MCF10A	drugD	0	2	72	0.001	695	c_4	t0_1
188	MCF10A	drugD	0	2	72	0.003162	498	c_4	t0_1
189	MCF10A	drugD	0	2	72	0.01	451	c_4	t0_1
190	MCF10A	drugD	0	2	72	0.03162	661	c_4	t0_1
191	MCF10A	drugD	0	2	72	0.1	392	c_4	t0_1
192	MCF10A	drugD	0	2	72	0.3162	216	c_4	t0_1
193	MCF10A	drugD	0	2	72	1	114	c_4	t0_1
194	MCF10A	drugD	0	2	72	3.162	131	c_4	t0_1
195	MCF10A	drugD	0	2	72	10	92	c_4	t0_1
224	MCF10A	drugA	1	1	48	0.001	202	c_5	t0_2
225	MCF10A	drugA	1	1	48	0.003162	307	c_5	t0_2
226	MCF10A	drugA	1	1	48	0.01	291	c_5	t0_2
227	MCF10A	drugA	1	1	48	0.03162	246	c_5	t0_2
228	MCF10A	drugA	1	1	48	0.1	362	c_5	t0_2
229	MCF10A	drugA	1	1	48	0.3162	358	c_5	t0_2
230	MCF10A	drugA	1	1	48	1	164	c_5	t0_2
231	MCF10A	drugA	1	1	48	3.162	161	c_5	t0_2
232	MCF10A	drugA	1	1	48	10	149	c_5	t0_2
233	MCF10A	drugB	1	1	48	0.001	186	c_5	t0_2
234	MCF10A	drugB	1	1	48	0.003162	263	c_5	t0_2
235	MCF10A	drugB	1	1	48	0.01	329	c_5	t0_2
236	MCF10A	drugB	1	1	48	0.03162	245	c_5	t0_2
237	MCF10A	drugB	1	1	48	0.1	206	c_5	t0_2
238	MCF10A	drugB	1	1	48	0.3162	240	c_5	t0_2
239	MCF10A	drugB	1	1	48	1	193	c_5	t0_2
240	MCF10A	drugB	1	1	48	3.162	132	c_5	t0_2
241	MCF10A	drugB	1	1	48	10	104	c_5	t0_2
242	MCF10A	drugC	1	1	48	0.001	296	c_5	t0_2
243	MCF10A	drugC	1	1	48	0.003162	310	c_5	t0_2
244	MCF10A	drugC	1	1	48	0.01	326	c_5	t0_2
245	MCF10A	drugC	1	1	48	0.03162	241	c_5	t0_2
246	MCF10A	drugC	1	1	48	0.1	279	c_5	t0_2
247	MCF10A	drugC	1	1	48	0.3162	221	c_5	t0_2
248	MCF10A	drugC	1	1	48	1	215	c_5	t0_2
249	MCF10A	drugC	1	1	48	3.162	171	c_5	t0_2
250	MCF10A	drugC	1	1	48	10	206	c_5	t0_2
251	MCF10A	drugD	1	1	48	0.001	184	c_5	t0_2
252	MCF10A	drugD	1	1	48	0.003162	268	c_5	t0_2
253	MCF10A	drugD	1	1	48	0.01	327	c_5	t0_2
254	MCF10A	drugD	1	1	48	0.03162	261	c_5	t0_2
255	MCF10A	drugD	1	1	48	0.1	205	c_5	t0_2
256	MCF10A	drugD	1	1	48	0.3162	144	c_5	t0_2
257	MCF10A	drugD	1	1	48	1	80	c_5	t0_2
258	MCF10A	drugD	1	1	48	3.162	135	c_5	t0_2
259	MCF10A	drugD	1	1	48	10	142	c_5	t0_2
268	MCF10A	drugA	1	2	48	0.001	263	c_6	t0_2
269	MCF10A	drugA	1	2	48	0.003162	260	c_6	t0_2
270	MCF10A	drugA	1	2	48	0.01	215	c_6	t0_2
271	MCF10A	drugA	1	2	48	0.03162	279	c_6	t0_2
272	MCF10A	drugA	1	2	48	0.1	220	c_6	t0_2
273	MCF10A	drugA	1	2	48	0.3162	212	c_6	t0_2
274	MCF10A	drugA	1	2	48	1	286	c_6	t0_2
275	MCF10A	drugA	1	2	48	3.162	203	c_6	t0_2
276	MCF10A	drugA	1	2	48	10	177	c_6	t0_2
277	MCF10A	drugB	1	2	48	0.001	207	c_6	t0_2
278	MCF10A	drugB	1	2	48	0.003162	320	c_6	t0_2
279	MCF10A	drugB	1	2	48	0.01	196	c_6	t0_2
280	MCF10A	drugB	1	2	48	0.03162	279	c_6	t0_2
281	MCF10A	drugB	1	2	48	0.1	273	c_6	t0_2
282	MCF10A	drugB	1	2	48	0.3162	255	c_6	t0_2
283	MCF10A	drugB	1	2	48	1	211	c_6	t0_2
284	MCF10A	drugB	1	2	48	3.162	109	c_6	t0_2
285	MCF10A	drugB	1	2	48	10	190	c_6	t0_2
286	MCF10A	drugC	1	2	48	0.001	382	c_6	t0_2
287	MCF10A	drugC	1	2	48	0.003162	324	c_6	t0_2
288	MCF10A	drugC	1	2	48	0.01	281	c_6	t0_2
289	MCF10A	drugC	1	2	48	0.03162	378	c_6	t0_2
290	MCF10A	drugC	1	2	48	0.1	276	c_6	t0_2
291	MCF10A	drugC	1	2	48	0.3162	225	c_6	t0_2
292	MCF10A	drugC	1	2	48	1	253	c_6	t0_2
293	MCF10A	drugC	1	2	48	3.162	171	c_6	t0_2
294	MCF10A	drugC	1	2	48	10	230	c_6	t0_2
295	MCF10A	drugD	1	2	48	0.001	350	c_6	t0_2
296	MCF10A	drugD	1	2	48	0.003162	169	c_6	t0_2
297	MCF10A	drugD	1	2	48	0.01	187	c_6	t0_2
298	MCF10A	drugD	1	2	48	0.03162	362	c_6	t0_2
299	MCF10A	drugD	1	2	48	0.1	226	c_6	t0_2
300	MCF10A	drugD	1	2	48	0.3162	115	c_6	t0_2
301	MCF10A	drugD	1	2	48	1	153	c_6	t0_2
302	MCF10A	drugD	1	2	48	3.162	81	c_6	t0_2
303	MCF10A	drugD	1	2	48	10	102	c_6	t0_2
312	MCF10A	drugA	1	1	72	0.001	494	c_7	t0_2
313	MCF10A	drugA	1	1	72	0.003162	402	c_7	t0_2
314	MCF10A	drugA	1	1	72	0.01	569	c_7	t0_2
315	MCF10A	drugA	1	1	72	0.03162	480	c_7	t0_2
316	MCF10A	drugA	1	1	72	0.1	286	c_7	t0_2
317	MCF10A	drugA	1	1	72	0.3162	500	c_7	t0_2
318	MCF10A	drugA	1	1	72	1	413	c_7	t0_2
319	MCF10A	drugA	1	1	72	3.162	280	c_7	t0_2
320	MCF10A	drugA	1	1	72	10	191	c_7	t0_2
321	MCF10A	drugB	1	1	72	0.001	286	c_7	t0_2
322	MCF10A	drugB	1	1	72	0.003162	322	c_7	t0_2
323	MCF10A	drugB	1	1	72	0.01	345	c_7	t0_2
324	MCF10A	drugB	1	1	72	0.03162	329	c_7	t0_2
325	MCF10A	drugB	1	1	72	0.1	403	c_7	t0_2
326	MCF10A	drugB	1	1	72	0.3162	408	c_7	t0_2
327	MCF10A	drugB	1	1	72	1	466	c_7	t0_2
328	MCF10A	drugB	1	1	72	3.162	238	c_7	t0_2
329	MCF10A	drugB	1	1	72	10	107	c_7	t0_2
330	MCF10A	drugC	1	1	72	0.001	498	c_7	t0_2
331	MCF10A	drugC	1	1	72	0.003162	429	c_7	t0_2
332	MCF10A	drugC	1	1	72	0.01	509	c_7	t0_2
333	MCF10A	drugC	1	1	72	0.03162	497	c_7	t0_2
334	MCF10A	drugC	1	1	72	0.1	442	c_7	t0_2
335	MCF10A	drugC	1	1	72	0.3162	331	c_7	t0_2
336	MCF10A	drugC	1	1	72	1	203	c_7	t0_2
337	MCF10A	drugC	1	1	72	3.162	402	c_7	t0_2
338	MCF10A	drugC	1	1	72	10	361	c_7	t0_2
339	MCF10A	drugD	1	1	72	0.001	306	c_7	t0_2
340	MCF10A	drugD	1	1	72	0.003162	644	c_7	t0_2
341	MCF10A	drugD	1	1	72	0.01	359	c_7	t0_2
342	MCF10A	drugD	1	1	72	0.03162	265	c_7	t0_2
343	MCF10A	drugD	1	1	72	0.1	223	c_7	t0_2
344	MCF10A	drugD	1	1	72	0.3162	171	c_7	t0_2
345	MCF10A	drugD	1	1	72	1	136	c_7	t0_2
346	MCF10A	drugD	1	1	72	3.162	86	c_7	t0_2
347	MCF10A	drugD	1	1	72	10	107	c_7	t0_2
356	MCF10A	drugA	1	2	72	0.001	534	c_8	t0_2
357	MCF10A	drugA	1	2	72	0.003162	519	c_8	t0_2
358	MCF10A	drugA	1	2	72	0.01	517	c_8	t0_2
359	MCF10A	drugA	1	2	72	0.03162	474	c_8	t0_2
360	MCF10A	drugA	1	2	72	0.1	483	c_8	t0_2
361	MCF10A	drugA	1	2	72	0.3162	514	c_8	t0_2
362	MCF10A	drugA	1	2	72	1	237	c_8	t0_2
363	MCF10A	drugA	1	2	72	3.162	287	c_8	t0_2
364	MCF10A	drugA	1	2	72	10	212	c_8	t0_2
365	MCF10A	drugB	1	2	72	0.001	556	c_8	t0_2
366	MCF10A	drugB	1	2	72	0.003162	506	c_8	t0_2
367	MCF10A	drugB	1	2	72	0.01	563	c_8	t0_2
368	MCF10A	drugB	1	2	72	0.03162	285	c_8	t0_2
369	MCF10A	drugB	1	2	72	0.1	284	c_8	t0_2
370	MCF10A	drugB	1	2	72	0.3162	479	c_8	t0_2
371	MCF10A	drugB	1	2	72	1	369	c_8	t0_2
372	MCF10A	drugB	1	2	72	3.162	134	c_8	t0_2
373	MCF10A	drugB	1	2	72	10	171	c_8	t0_2
374	MCF10A	drugC	1	2	72	0.001	364	c_8	t0_2
375	MCF10A	drugC	1	2	72	0.003162	435	c_8	t0_2
376	MCF10A	drugC	1	2	72	0.01	547	c_8	t0_2
377	MCF10A	drugC	1	2	72	0.03162	492	c_8	t0_2
378	MCF10A	drugC	1	2	72	0.1	486	c_8	t0_2
379	MCF10A	drugC	1	2	72	0.3162	338	c_8	t0_2
380	MCF10A	drugC	1	2	72	1	229	c_8	t0_2
381	MCF10A	drugC	1	2	72	3.162	407	c_8	t0_2
382	MCF10A	drugC	1	2	72	10	215	c_8	t0_2
383	MCF10A	drugD	1	2	72	0.001	359	c_8	t0_2
384	MCF10A	drugD	1	2	72	0.003162	285	c_8	t0_2
385	MCF10A	drugD	1	2	72	0.01	498	c_8	t0_2
386	MCF10A	drugD	1	2	72	0.03162	274	c_8	t0_2
387	MCF10A	drugD	1	2	72	0.1	273	c_8	t0_2
388	MCF10A	drugD	1	2	72	0.3162	180	c_8	t0_2
389	MCF10A	drugD	1	2	72	1	153	c_8	t0_2
390	MCF10A	drugD	1	2	72	3.162	150	c_8	t0_2
391	MCF10A	drugD	1	2	72	10	106	c_8	t0_2
420	MCF7	drugA	0	1	48	0.001	417	c_9	t0_3
421	MCF7	drugA	0	1	48	0.003162	341	c_9	t0_3
422	MCF7	drugA	0	1	48	0.01	336	c_9	t0_3
423	MCF7	drugA	0	1	48	0.03162	304	c_9	t0_3
424	MCF7	drugA	0	1	48	0.1	221	c_9	t0_3
425	MCF7	drugA	0	1	48	0.3162	226	c_9	t0_3
426	MCF7	drugA	0	1	48	1	232	c_9	t0_3
427	MCF7	drugA	0	1	48	3.162	142	c_9	t0_3
428	MCF7	drugA	0	1	48	10	142	c_9	t0_3
429	MCF7	drugB	0	1	48	0.001	287	c_9	t0_3
430	MCF7	drugB	0	1	48	0.003162	353	c_9	t0_3
431	MCF7	drugB	0	1	48	0.01	331	c_9	t0_3
432	MCF7	drugB	0	1	48	0.03162	217	c_9	t0_3
433	MCF7	drugB	0	1	48	0.1	317	c_9	t0_3
434	MCF7	drugB	0	1	48	0.3162	319	c_9	t0_3
435	MCF7	drugB	0	1	48	1	273	c_9	t0_3
436	MCF7	drugB	0	1	48	3.162	199	c_9	t0_3
437	MCF7	drugB	0	1	48	10	280	c_9	t0_3
438	MCF7	drugC	0	1	48	0.001	407	c_9	t0_3
439	MCF7	drugC	0	1	48	0.003162	217	c_9	t0_3
440	MCF7	drugC	0	1	48	0.01	217	c_9	t0_3
441	MCF7	drugC	0	1	48	0.03162	381	c_9	t0_3
442	MCF7	drugC	0	1	48	0.1	411	c_9	t0_3
443	MCF7	drugC	0	1	48	0.3162	210	c_9	t0_3
444	MCF7	drugC	0	1	48	1	247	c_9	t0_3
445	MCF7	drugC	0	1	48	3.162	197	c_9	t0_3
446	MCF7	drugC	0	1	48	10	178	c_9	t0_3
447	MCF7	drugD	0	1	48	0.001	402	c_9	t0_3
448	MCF7	drugD	0	1	48	0.003162	399	c_9	t0_3
449	MCF7	drugD	0	1	48	0.01	311	c_9	t0_3
450	MCF7	drugD	0	1	48	0.03162	326	c_9	t0_3
451	MCF7	drugD	0	1	48	0.1	285	c_9	t0_3
452	MCF7	drugD	0	1	48	0.3162	319	c_9	t0_3
453	MCF7	drugD	0	1	48	1	232	c_9	t0_3
454	MCF7	drugD	0	1	48	3.162	298	c_9	t0_3
455	MCF7	drugD	0	1	48	10	270	c_9	t0_3
464	MCF7	drugA	0	2	48	0.001	230	c_10	t0_3
465	MCF7	drugA	0	2	48	0.003162	439	c_10	t0_3
466	MCF7	drugA	0	2	48	0.01	314	c_10	t0_3
467	MCF7	drugA	0	2	48	0.03162	219	c_10	t0_3
468	MCF7	drugA	0	2	48	0.1	275	c_10	t0_3
469	MCF7	drugA	0	2	48	0.3162	268	c_10	t0_3
470	MCF7	drugA	0	2	48	1	261	c_10	t0_3
471	MCF7	drugA	0	2	48	3.162	186	c_10	t0_3
472	MCF7	drugA	0	2	48	10	184	c_10	t0_3
473	MCF7	drugB	0	2	48	0.001	479	c_10	t0_3
474	MCF7	drugB	0	2	48	0.003162	462	c_10	t0_3
475	MCF7	drugB	0	2	48	0.01	230	c_10	t0_3
476	MCF7	drugB	0	2	48	0.03162	373	c_10	t0_3
477	MCF7	drugB	0	2	48	0.1	255	c_10	t0_3
478	MCF7	drugB	0	2	48	0.3162	459	c_10	t0_3
479	MCF7	drugB	0	2	48	1	233	c_10	t0_3
480	MCF7	drugB	0	2	48	3.162	148	c_10	t0_3
481	MCF7	drugB	0	2	48	10	256	c_10	t0_3
482	MCF7	drugC	0	2	48	0.001	342	c_10	t0_3
483	MCF7	drugC	0	2	48	0.003162	369	c_10	t0_3
484	MCF7	drugC	0	2	48	0.01	270	c_10	t0_3
485	MCF7	drugC	0	2	48	0.03162	335	c_10	t0_3
486	MCF7	drugC	0	2	48	0.1	271	c_10	t0_3
487	MCF7	drugC	0	2	48	0.3162	353	c_10	t0_3
488	MCF7	drugC	0	2	48	1	312	c_10	t0_3
489	MCF7	drugC	0	2	48	3.162	255	c_10	t0_3
490	MCF7	drugC	0	2	48	10	214	c_10	t0_3
491	MCF7	drugD	0	2	48	0.001	475	c_10	t0_3
492	MCF7	drugD	0	2	48	0.003162	409	c_10	t0_3
493	MCF7	drugD	0	2	48	0.01	451	c_10	t0_3
494	MCF7	drugD	0	2	48	0.03162	294	c_10	t0_3
495	MCF7	drugD	0	2	48	0.1	200	c_10	t0_3
496	MCF7	drugD	0	2	48	0.3162	339	c_10	t0_3
497	MCF7	drugD	0	2	48	1	226	c_10	t0_3
498	MCF7	drugD	0	2	48	3.162	290	c_10	t0_3
499	MCF7	drugD	0	2	48	10	236	c_10	t0_3
508	MCF7	drugA	0	1	72	0.001	466	c_11	t0_3
509	MCF7	drugA	0	1	72	0.003162	615	c_11	t0_3
510	MCF7	drugA	0	1	72	0.01	418	c_11	t0_3
511	MCF7	drugA	0	1	72	0.03162	424	c_11	t0_3
512	MCF7	drugA	0	1	72	0.1	376	c_11	t0_3
513	MCF7	drugA	0	1	72	0.3162	245	c_11	t0_3
514	MCF7	drugA	0	1	72	1	287	c_11	t0_3
515	MCF7	drugA	0	1	72	3.162	267	c_11	t0_3
516	MCF7	drugA	0	1	72	10	240	c_11	t0_3
517	MCF7	drugB	0	1	72	0.001	321	c_11	t0_3
518	MCF7	drugB	0	1	72	0.003162	447	c_11	t0_3
519	MCF7	drugB	0	1	72	0.01	513	c_11	t0_3
520	MCF7	drugB	0	1	72	0.03162	483	c_11	t0_3
521	MCF7	drugB	0	1	72	0.1	440	c_11	t0_3
522	MCF7	drugB	0	1	72	0.3162	525	c_11	t0_3
523	MCF7	drugB	0	1	72	1	373	c_11	t0_3
524	MCF7	drugB	0	1	72	3.162	214	c_11	t0_3
525	MCF7	drugB	0	1	72	10	313	c_11	t0_3
526	MCF7	drugC	0	1	72	0.001	351	c_11	t0_3
527	MCF7	drugC	0	1	72	0.003162	502	c_11	t0_3
528	MCF7	drugC	0	1	72	0.01	598	c_11	t0_3
529	MCF7	drugC	0	1	72	0.03162	724	c_11	t0_3
530	MCF7	drugC	0	1	72	0.1	393	c_11	t0_3
531	MCF7	drugC	0	1	72	0.3162	595	c_11	t0_3
532	MCF7	drugC	0	1	72	1	355	c_11	t0_3
533	MCF7	drugC	0	1	72	3.162	253	c_11	t0_3
534	MCF7	drugC	0	1	72	10	414	c_11	t0_3
535	MCF7	drugD	0	1	72	0.001	486	c_11	t0_3
536	MCF7	drugD	0	1	72	0.003162	519	c_11	t0_3
537	MCF7	drugD	0	1	72	0.01	689	c_11	t0_3
538	MCF7	drugD	0	1	72	0.03162	544	c_11	t0_3
539	MCF7	drugD	0	1	72	0.1	316	c_11	t0_3
540	MCF7	drugD	0	1	72	0.3162	373	c_11	t0_3
541	MCF7	drugD	0	1	72	1	347	c_11	t0_3
542	MCF7	drugD	0	1	72	3.162	252	c_11	t0_3
543	MCF7	drugD	0	1	72	10	362	c_11	t0_3
552	MCF7	drugA	0	2	72	0.001	493	c_12	t0_3
553	MCF7	drugA	0	2	72	0.003162	420	c_12	t0_3
554	MCF7	drugA	0	2	72	0.01	535	c_12	t0_3
555	MCF7	drugA	0	2	72	0.03162	535	c_12	t0_3
556	MCF7	drugA	0	2	72	0.1	319	c_12	t0_3
557	MCF7	drugA	0	2	72	0.3162	206	c_12	t0_3
558	MCF7	drugA	0	2	72	1	204	c_12	t0_3
559	MCF7	drugA	0	2	72	3.162	226	c_12	t0_3
560	MCF7	drugA	0	2	72	10	187	c_12	t0_3
561	MCF7	drugB	0	2	72	0.001	465	c_12	t0_3
562	MCF7	drugB	0	2	72	0.003162	438	c_12	t0_3
563	MCF7	drugB	0	2	72	0.01	637	c_12	t0_3
564	MCF7	drugB	0	2	72	0.03162	605	c_12	t0_3
565	MCF7	drugB	0	2	72	0.1	651	c_12	t0_3
566	MCF7	drugB	0	2	72	0.3162	575	c_12	t0_3
567	MCF7	drugB	0	2	72	1	372	c_12	t0_3
568	MCF7	drugB	0	2	72	3.162	315	c_12	t0_3
569	MCF7	drugB	0	2	72	10	210	c_12	t0_3
570	MCF7	drugC	0	2	72	0.001	645	c_12	t0_3
571	MCF7	drugC	0	2	72	0.003162	568	c_12	t0_3
572	MCF7	drugC	0	2	72	0.01	607	c_12	t0_3
573	MCF7	drugC	0	2	72	0.03162	550	c_12	t0_3
574	MCF7	drugC	0	2	72	0.1	417	c_12	t0_3
575	MCF7	drugC	0	2	72	0.3162	677	c_12	t0_3
576	MCF7	drugC	0	2	72	1	397	c_12	t0_3
577	MCF7	drugC	0	2	72	3.162	195	c_12	t0_3
578	MCF7	drugC	0	2	72	10	376	c_12	t0_3
579	MCF7	drugD	0	2	72	0.001	600	c_12	t0_3
580	MCF7	drugD	0	2	72	0.003162	462	c_12	t0_3
581	MCF7	drugD	0	2	72	0.01	475	c_12	t0_3
582	MCF7	drugD	0	2	72	0.03162	423	c_12	t0_3
583	MCF7	drugD	0	2	72	0.1	397	c_12	t0_3
584	MCF7	drugD	0	2	72	0.3162	344	c_12	t0_3
585	MCF7	drugD	0	2	72	1	362	c_12	t0_3
586	MCF7	drugD	0	2	72	3.162	383	c_12	t0_3
587	MCF7	drugD	0	2	72	10	267	c_12	t0_3
616	MCF7	drugA	1	1	48	0.001	248	c_13	t0_4
617	MCF7	drugA	1	1	48	0.003162	382	c_13	t0_4
618	MCF7	drugA	1	1	48	0.01	314	c_13	t0_4
619	MCF7	drugA	1	1	48	0.03162	316	c_13	t0_4
620	MCF7	drugA	1	1	48	0.1	325	c_13	t0_4
621	MCF7	drugA	1	1	48	0.3162	180	c_13	t0_4
622	MCF7	drugA	1	1	48	1	290	c_13	t0_4
623	MCF7	drugA	1	1	48	3.162	136	c_13	t0_4
624	MCF7	drugA	1	1	48	10	230	c_13	t0_4
625	MCF7	drugB	1	1	48	0.001	327	c_13	t0_4
626	MCF7	drugB	1	1	48	0.003162	286	c_13	t0_4
627	MCF7	drugB	1	1	48	0.01	274	c_13	t0_4
628	MCF7	drugB	1	1	48	0.03162	222	c_13	t0_4
629	MCF7	drugB	1	1	48	0.1	406	c_13	t0_4
630	MCF7	drugB	1	1	48	0.3162	436	c_13	t0_4
631	MCF7	drugB	1	1	48	1	250	c_13	t0_4
632	MCF7	drugB	1	1	48	3.162	206	c_13	t0_4
633	MCF7	drugB	1	1	48	10	294	c_13	t0_4
634	MCF7	drugC	1	1	48	0.001	336	c_13	t0_4
635	MCF7	drugC	1	1	48	0.003162	308	c_13	t0_4
636	MCF7	drugC	1	1	48	0.01	272	c_13	t0_4
637	MCF7	drugC	1	1	48	0.03162	275	c_13	t0_4
638	MCF7	drugC	1	1	48	0.1	412	c_13	t0_4
639	MCF7	drugC	1	1	48	0.3162	411	c_13	t0_4
640	MCF7	drugC	1	1	48	1	332	c_13	t0_4
641	MCF7	drugC	1	1	48	3.162	157	c_13	t0_4
642	MCF7	drugC	1	1	48	10	225	c_13	t0_4
643	MCF7	drugD	1	1	48	0.001	203	c_13	t0_4
644	MCF7	drugD	1	1	48	0.003162	248	c_13	t0_4
645	MCF7	drugD	1	1	48	0.01	276	c_13	t0_4
646	MCF7	drugD	1	1	48	0.03162	365	c_13	t0_4
647	MCF7	drugD	1	1	48	0.1	265	c_13	t0_4
648	MCF7	drugD	1	1	48	0.3162	266	c_13	t0_4
649	MCF7	drugD	1	1	48	1	172	c_13	t0_4
650	MCF7	drugD	1	1	48	3.162	168	c_13	t0_4
651	MCF7	drugD	1	1	48	10	379	c_13	t0_4
660	MCF7	drugA	1	2	48	0.001	339	c_14	t0_4
661	MCF7	drugA	1	2	48	0.003162	422	c_14	t0_4
662	MCF7	drugA	1	2	48	0.01	305	c_14	t0_4
663	MCF7	drugA	1	2	48	0.03162	427	c_14	t0_4
664	MCF7	drugA	1	2	48	0.1	277	c_14	t0_4
665	MCF7	drugA	1	2	48	0.3162	218	c_14	t0_4
666	MCF7	drugA	1	2	48	1	281	c_14	t0_4
667	MCF7	drugA	1	2	48	3.162	230	c_14	t0_4
668	MCF7	drugA	1	2	48	10	139	c_14	t0_4
669	MCF7	drugB	1	2	48	0.001	278	c_14	t0_4
670	MCF7	drugB	1	2	48	0.003162	396	c_14	t0_4
671	MCF7	drugB	1	2	48	0.01	406	c_14	t0_4
672	MCF7	drugB	1	2	48	0.03162	288	c_14	t0_4
673	MCF7	drugB	1	2	48	0.1	343	c_14	t0_4
674	MCF7	drugB	1	2	48	0.3162	254	c_14	t0_4
675	MCF7	drugB	1	2	48	1	333	c_14	t0_4
676	MCF7	drugB	1	2	48	3.162	323	c_14	t0_4
677	MCF7	drugB	1	2	48	10	137	c_14	t0_4
678	MCF7	drugC	1	2	48	0.001	377	c_14	t0_4
679	MCF7	drugC	1	2	48	0.003162	474	c_14	t0_4
680	MCF7	drugC	1	2	48	0.01	301	c_14	t0_4
681	MCF7	drugC	1	2	48	0.03162	450	c_14	t0_4
682	MCF7	drugC	1	2	48	0.1	490	c_14	t0_4
683	MCF7	drugC	1	2	48	0.3162	287	c_14	t0_4
684	MCF7	drugC	1	2	48	1	443	c_14	t0_4
685	MCF7	drugC	1	2	48	3.162	257	c_14	t0_4
686	MCF7	drugC	1	2	48	10	159	c_14	t0_4
687	MCF7	drugD	1	2	48	0.001	347	c_14	t0_4
688	MCF7	drugD	1	2	48	0.003162	428	c_14	t0_4
689	MCF7	drugD	1	2	48	0.01	271	c_14	t0_4
690	MCF7	drugD	1	2	48	0.03162	253	c_14	t0_4
691	MCF7	drugD	1	2	48	0.1	446	c_14	t0_4
692	MCF7	drugD	1	2	48	0.3162	292	c_14	t0_4
693	MCF7	drugD	1	2	48	1	270	c_14	t0_4
694	MCF7	drugD	1	2	48	3.162	235	c_14	t0_4
695	MCF7	drugD	1	2	48	10	231	c_14	t0_4
704	MCF7	drugA	1	1	72	0.001	425	c_15	t0_4
705	MCF7	drugA	1	1	72	0.003162	501	c_15	t0_4
706	MCF7	drugA	1	1	72	0.01	475	c_15	t0_4
707	MCF7	drugA	1	1	72	0.03162	453	c_15	t0_4
708	MCF7	drugA	1	1	72	0.1	356	c_15	t0_4
709	MCF7	drugA	1	1	72	0.3162	309	c_15	t0_4
710	MCF7	drugA	1	1	72	1	211	c_15	t0_4
711	MCF7	drugA	1	1	72	3.162	217	c_15	t0_4
712	MCF7	drugA	1	1	72	10	269	c_15	t0_4
713	MCF7	drugB	1	1	72	0.001	317	c_15	t0_4
714	MCF7	drugB	1	1	72	0.003162	426	c_15	t0_4
715	MCF7	drugB	1	1	72	0.01	370	c_15	t0_4
716	MCF7	drugB	1	1	72	0.03162	389	c_15	t0_4
717	MCF7	drugB	1	1	72	0.1	656	c_15	t0_4
718	MCF7	drugB	1	1	72	0.3162	330	c_15	t0_4
719	MCF7	drugB	1	1	72	1	434	c_15	t0_4
720	MCF7	drugB	1	1	72	3.162	287	c_15	t0_4
721	MCF7	drugB	1	1	72	10	177	c_15	t0_4
722	MCF7	drugC	1	1	72	0.001	349	c_15	t0_4
723	MCF7	drugC	1	1	72	0.003162	324	c_15	t0_4
724	MCF7	drugC	1	1	72	0.01	462	c_15	t0_4
725	MCF7	drugC	1	1	72	0.03162	488	c_15	t0_4
726	MCF7	drugC	1	1	72	0.1	556	c_15	t0_4
727	MCF7	drugC	1	1	72	0.3162	467	c_15	t0_4
728	MCF7	drugC	1	1	72	1	337	c_15	t0_4
729	MCF7	drugC	1	1	72	3.162	312	c_15	t0_4
730	MCF7	drugC	1	1	72	10	385	c_15	t0_4
731	MCF7	drugD	1	1	72	0.001	548	c_15	t0_4
732	MCF7	drugD	1	1	72	0.003162	382	c_15	t0_4
733	MCF7	drugD	1	1	72	0.01	506	c_15	t0_4
734	MCF7	drugD	1	1	72	0.03162	660	c_15	t0_4
735	MCF7	drugD	1	1	72	0.1	442	c_15	t0_4
736	MCF7	drugD	1	1	72	0.3162	365	c_15	t0_4
737	MCF7	drugD	1	1	72	1	423	c_15	t0_4
738	MCF7	drugD	1	1	72	3.162	305	c_15	t0_4
739	MCF7	drugD	1	1	72	10	371	c_15	t0_4
748	MCF7	drugA	1	2	72	0.001	411	c_16	t0_4
749	MCF7	drugA	1	2	72	0.003162	602	c_16	t0_4
750	MCF7	drugA	1	2	72	0.01	335	c_16	t0_4
751	MCF7	drugA	1	2	72	0.03162	464	c_16	t0_4
752	MCF7	drugA	1	2	72	0.1	213	c_16	t0_4
753	MCF7	drugA	1	2	72	0.3162	332	c_16	t0_4
754	MCF7	drugA	1	2	72	1	265	c_16	t0_4
755	MCF7	drugA	1	2	72	3.162	168	c_16	t0_4
756	MCF7	drugA	1	2	72	10	192	c_16	t0_4
757	MCF7	drugB	1	2	72	0.001	521	c_16	t0_4
758	MCF7	drugB	1	2	72	0.003162	361	c_16	t0_4
759	MCF7	drugB	1	2	72	0.01	431	c_16	t0_4
760	MCF7	drugB	1	2	72	0.03162	321	c_16	t0_4
761	MCF7	drugB	1	2	72	0.1	519	c_16	t0_4
762	MCF7	drugB	1	2	72	0.3162	526	c_16	t0_4
763	MCF7	drugB	1	2	72	1	435	c_16	t0_4
764	MCF7	drugB	1	2	72	3.162	390	c_16	t0_4
765	MCF7	drugB	1	2	72	10	324	c_16	t0_4
766	MCF7	drugC	1	2	72	0.001	651	c_16	t0_4
767	MCF7	drugC	1	2	72	0.003162	420	c_16	t0_4
768	MCF7	drugC	1	2	72	0.01	534	c_16	t0_4
769	MCF7	drugC	1	2	72	0.03162	510	c_16	t0_4
770	MCF7	drugC	1	2	72	0.1	320	c_16	t0_4
771	MCF7	drugC	1	2	72	0.3162	533	c_16	t0_4
772	MCF7	drugC	1	2	72	1	280	c_16	t0_4
773	MCF7	drugC	1	2	72	3.162	267	c_16	t0_4
774	MCF7	drugC	1	2	72	10	276	c_16	t0_4
775	MCF7	drugD	1	2	72	0.001	381	c_16	t0_4
776	MCF7	drugD	1	2	72	0.003162	472	c_16	t0_4
777	MCF7	drugD	1	2	72	0.01	349	c_16	t0_4
778	MCF7	drugD	1	2	72	0.03162	530	c_16	t0_4
779	MCF7	drugD	1	2	72	0.1	443	c_16	t0_4
780	MCF7	drugD	1	2	72	0.3162	452	c_16	t0_4
781	MCF7	drugD	1	2	72	1	240	c_16	t0_4
782	MCF7	drugD	1	2	72	3.162	369	c_16	t0_4
783	MCF7	drugD	1	2	72	10	408	c_16	t0_4
812	BT20	drugA	0	1	48	0.001	403	c_17	t0_5
813	BT20	drugA	0	1	48	0.003162	313	c_17	t0_5
814	BT20	drugA	0	1	48	0.01	304	c_17	t0_5
815	BT20	drugA	0	1	48	0.03162	529	c_17	t0_5
816	BT20	drugA	0	1	48	0.1	304	c_17	t0_5
817	BT20	drugA	0	1	48	0.3162	433	c_17	t0_5
818	BT20	drugA	0	1	48	1	315	c_17	t0_5
819	BT20	drugA	0	1	48	3.162	509	c_17	t0_5
820	BT20	drugA	0	1	48	10	296	c_17	t0_5
821	BT20	drugB	0	1	48	0.001	413	c_17	t0_5
822	BT20	drugB	0	1	48	0.003162	533	c_17	t0_5
823	BT20	drugB	0	1	48	0.01	304	c_17	t0_5
824	BT20	drugB	0	1	48	0.03162	416	c_17	t0_5
825	BT20	drugB	0	1	48	0.1	375	c_17	t0_5
826	BT20	drugB	0	1	48	0.3162	302	c_17	t0_5
827	BT20	drugB	0	1	48	1	391	c_17	t0_5
828	BT20	drugB	0	1	48	3.162	285	c_17	t0_5
829	BT20	drugB	0	1	48	10	358	c_17	t0_5
830	BT20	drugC	0	1	48	0.001	304	c_17	t0_5
831	BT20	drugC	0	1	48	0.003162	554	c_17	t0_5
832	BT20	drugC	0	1	48	0.01	358	c_17	t0_5
833	BT20	drugC	0	1	48	0.03162	311	c_17	t0_5
834	BT20	drugC	0	1	48	0.1	471	c_17	t0_5
835	BT20	drugC	0	1	48	0.3162	401	c_17	t0_5
836	BT20	drugC	0	1	48	1	331	c_17	t0_5
837	BT20	drugC	0	1	48	3.162	340	c_17	t0_5
838	BT20	drugC	0	1	48	10	401	c_17	t0_5
839	BT20	drugD	0	1	48	0.001	375	c_17	t0_5
840	BT20	drugD	0	1	48	0.003162	340	c_17	t0_5
841	BT20	drugD	0	1	48	0.01	432	c_17	t0_5
842	BT20	drugD	0	1	48	0.03162	401	c_17	t0_5
843	BT20	drugD	0	1	48	0.1	352	c_17	t0_5
844	BT20	drugD	0	1	48	0.3162	289	c_17	t0_5
845	BT20	drugD	0	1	48	1	190	c_17	t0_5
846	BT20	drugD	0	1	48	3.162	287	c_17	t0_5
847	BT20	drugD	0	1	48	10	250	c_17	t0_5
856	BT20	drugA	0	2	48	0.001	531	c_18	t0_5
857	BT20	drugA	0	2	48	0.003162	491	c_18	t0_5
858	BT20	drugA	0	2	48	0.01	438	c_18	t0_5
859	BT20	drugA	0	2	48	0.03162	443	c_18	t0_5
860	BT20	drugA	0	2	48	0.1	663	c_18	t0_5
861	BT20	drugA	0	2	48	0.3162	666	c_18	t0_5
862	BT20	drugA	0	2	48	1	451	c_18	t0_5
863	BT20	drugA	0	2	48	3.162	366	c_18	t0_5
864	BT20	drugA	0	2	48	10	295	c_18	t0_5
865	BT20	drugB	0	2	48	0.001	414	c_18	t0_5
866	BT20	drugB	0	2	48	0.003162	464	c_18	t0_5
867	BT20	drugB	0	2	48	0.01	422	c_18	t0_5
868	BT20	drugB	0	2	48	0.03162	670	c_18	t0_5
869	BT20	drugB	0	2	48	0.1	538	c_18	t0_5
870	BT20	drugB	0	2	48	0.3162	344	c_18	t0_5
871	BT20	drugB	0	2	48	1	484	c_18	t0_5
872	BT20	drugB	0	2	48	3.162	350	c_18	t0_5
873	BT20	drugB	0	2	48	10	441	c_18	t0_5
874	BT20	drugC	0	2	48	0.001	473	c_18	t0_5
875	BT20	drugC	0	2	48	0.003162	630	c_18	t0_5
876	BT20	drugC	0	2	48	0.01	515	c_18	t0_5
877	BT20	drugC	0	2	48	0.03162	428	c_18	t0_5
878	BT20	drugC	0	2	48	0.1	338	c_18	t0_5
879	BT20	drugC	0	2	48	0.3162	441	c_18	t0_5
880	BT20	drugC	0	2	48	1	248	c_18	t0_5
881	BT20	drugC	0	2	48	3.162	410	c_18	t0_5
882	BT20	drugC	0	2	48	10	344	c_18	t0_5
883	BT20	drugD	0	2	48	0.001	546	c_18	t0_5
884	BT20	drugD	0	2	48	0.003162	605	c_18	t0_5
885	BT20	drugD	0	2	48	0.01	599	c_18	t0_5
886	BT20	drugD	0	2	48	0.03162	276	c_18	t0_5
887	BT20	drugD	0	2	48	0.1	270	c_18	t0_5
888	BT20	drugD	0	2	48	0.3162	188	c_18	t0_5
889	BT20	drugD	0	2	48	1	378	c_18	t0_5
890	BT20	drugD	0	2	48	3.162	350	c_18	t0_5
891	BT20	drugD	0	2	48	10	320	c_18	t0_5
900	BT20	drugA	0	3	48	0.001	459	c_19	t0_5
901	BT20	drugA	0	3	48	0.003162	305	c_19	t0_5
902	BT20	drugA	0	3	48	0.01	553	c_19	t0_5
903	BT20	drugA	0	3	48	0.03162	621	c_19	t0_5
904	BT20	drugA	0	3	48	0.1	541	c_19	t0_5
905	BT20	drugA	0	3	48	0.3162	351	c_19	t0_5
906	BT20	drugA	0	3	48	1	444	c_19	t0_5
907	BT20	drugA	0	3	48	3.162	581	c_19	t0_5
908	BT20	drugA	0	3	48	10	446	c_19	t0_5
909	BT20	drugB	0	3	48	0.001	564	c_19	t0_5
910	BT20	drugB	0	3	48	0.003162	515	c_19	t0_5
911	BT20	drugB	0	3	48	0.01	548	c_19	t0_5
912	BT20	drugB	0	3	48	0.03162	349	c_19	t0_5
913	BT20	drugB	0	3	48	0.1	626	c_19	t0_5
914	BT20	drugB	0	3	48	0.3162	326	c_19	t0_5
915	BT20	drugB	0	3	48	1	300	c_19	t0_5
916	BT20	drugB	0	3	48	3.162	383	c_19	t0_5
917	BT20	drugB	0	3	48	10	443	c_19	t0_5
918	BT20	drugC	0	3	48	0.001	448	c_19	t0_5
919	BT20	drugC	0	3	48	0.003162	420	c_19	t0_5
920	BT20	drugC	0	3	48	0.01	414	c_19	t0_5
921	BT20	drugC	0	3	48	0.03162	415	c_19	t0_5
922	BT20	drugC	0	3	48	0.1	382	c_19	t0_5
923	BT20	drugC	0	3	48	0.3162	363	c_19	t0_5
924	BT20	drugC	0	3	48	1	496	c_19	t0_5
925	BT20	drugC	0	3	48	3.162	302	c_19	t0_5
926	BT20	drugC	0	3	48	10	260	c_19	t0_5
927	BT20	drugD	0	3	48	0.001	320	c_19	t0_5
928	BT20	drugD	0	3	48	0.003162	305	c_19	t0_5
929	BT20	drugD	0	3	48	0.01	492	c_19	t0_5
930	BT20	drugD	0	3	48	0.03162	481	c_19	t0_5
931	BT20	drugD	0	3	48	0.1	317	c_19	t0_5
932	BT20	drugD	0	3	48	0.3162	380	c_19	t0_5
933	BT20	drugD	0	3	48	1	338	c_19	t0_5
934	BT20	drugD	0	3	48	3.162	264	c_19	t0_5
935	BT20	drugD	0	3	48	10	257	c_19	t0_5
944	BT20	drugA	0	1	72	0.001	555	c_20	t0_5
945	BT20	drugA	0	1	72	0.003162	435	c_20	t0_5
946	BT20	drugA	0	1	72	0.01	541	c_20	t0_5
947	BT20	drugA	0	1	72	0.03162	684	c_20	t0_5
948	BT20	drugA	0	1	72	0.1	526	c_20	t0_5
949	BT20	drugA	0	1	72	0.3162	406	c_20	t0_5
950	BT20	drugA	0	1	72	1	711	c_20	t0_5
951	BT20	drugA	0	1	72	3.162	652	c_20	t0_5
952	BT20	drugA	0	1	72	10	424	c_20	t0_5
953	BT20	drugB	0	1	72	0.001	406	c_20	t0_5
954	BT20	drugB	0	1	72	0.003162	671	c_20	t0_5
955	BT20	drugB	0	1	72	0.01	589	c_20	t0_5
956	BT20	drugB	0	1	72	0.03162	616	c_20	t0_5
957	BT20	drugB	0	1	72	0.1	450	c_20	t0_5
958	BT20	drugB	0	1	72	0.3162	449	c_20	t0_5
959	BT20	drugB	0	1	72	1	492	c_20	t0_5
960	BT20	drugB	0	1	72	3.162	547	c_20	t0_5
961	BT20	drugB	0	1	72	10	346	c_20	t0_5
962	BT20	drugC	0	1	72	0.001	420	c_20	t0_5
963	BT20	drugC	0	1	72	0.003162	465	c_20	t0_5
964	BT20	drugC	0	1	72	0.01	618	c_20	t0_5
965	BT20	drugC	0	1	72	0.03162	640	c_20	t0_5
966	BT20	drugC	0	1	72	0.1	437	c_20	t0_5
967	BT20	drugC	0	1	72	0.3162	329	c_20	t0_5
968	BT20	drugC	0	1	72	1	558	c_20	t0_5
969	BT20	drugC	0	1	72	3.162	421	c_20	t0_5
970	BT20	drugC	0	1	72	10	341	c_20	t0_5
971	BT20	drugD	0	1	72	0.001	652	c_20	t0_5
972	BT20	drugD	0	1	72	0.003162	563	c_20	t0_5
973	BT20	drugD	0	1	72	0.01	570	c_20	t0_5
974	BT20	drugD	0	1	72	0.03162	428	c_20	t0_5
975	BT20	drugD	0	1	72	0.1	500	c_20	t0_5
976	BT20	drugD	0	1	72	0.3162	301	c_20	t0_5
977	BT20	drugD	0	1	72	1	197	c_20	t0_5
978	BT20	drugD	0	1	72	3.162	368	c_20	t0_5
979	BT20	drugD	0	1	72	10	248	c_20	t0_5
988	BT20	drugA	0	2	72	0.001	664	c_21	t0_5
989	BT20	drugA	0	2	72	0.003162	831	c_21	t0_5
990	BT20	drugA	0	2	72	0.01	555	c_21	t0_5
991	BT20	drugA	0	2	72	0.03162	697	c_21	t0_5
992	BT20	drugA	0	2	72	0.1	640	c_21	t0_5
993	BT20	drugA	0	2	72	0.3162	664	c_21	t0_5
994	BT20	drugA	0	2	72	1	722	c_21	t0_5
995	BT20	drugA	0	2	72	3.162	482	c_21	t0_5
996	BT20	drugA	0	2	72	10	494	c_21	t0_5
997	BT20	drugB	0	2	72	0.001	395	c_21	t0_5
998	BT20	drugB	0	2	72	0.003162	824	c_21	t0_5
999	BT20	drugB	0	2	72	0.01	569	c_21	t0_5
1000	BT20	drugB	0	2	72	0.03162	519	c_21	t0_5
1001	BT20	drugB	0	2	72	0.1	516	c_21	t0_5
1002	BT20	drugB	0	2	72	0.3162	585	c_21	t0_5
1003	BT20	drugB	0	2	72	1	569	c_21	t0_5
1004	BT20	drugB	0	2	72	3.162	497	c_21	t0_5
1005	BT20	drugB	0	2	72	10	670	c_21	t0_5
1006	BT20	drugC	0	2	72	0.001	680	c_21	t0_5
1007	BT20	drugC	0	2	72	0.003162	889	c_21	t0_5
1008	BT20	drugC	0	2	72	0.01	521	c_21	t0_5
1009	BT20	drugC	0	2	72	0.03162	638	c_21	t0_5
1010	BT20	drugC	0	2	72	0.1	386	c_21	t0_5
1011	BT20	drugC	0	2	72	0.3162	416	c_21	t0_5
1012	BT20	drugC	0	2	72	1	532	c_21	t0_5
1013	BT20	drugC	0	2	72	3.162	443	c_21	t0_5
1014	BT20	drugC	0	2	72	10	482	c_21	t0_5
1015	BT20	drugD	0	2	72	0.001	637	c_21	t0_5
1016	BT20	drugD	0	2	72	0.003162	394	c_21	t0_5
1017	BT20	drugD	0	2	72	0.01	856	c_21	t0_5
1018	BT20	drugD	0	2	72	0.03162	455	c_21	t0_5
1019	BT20	drugD	0	2	72	0.1	413	c_21	t0_5
1020	BT20	drugD	0	2	72	0.3162	465	c_21	t0_5
1021	BT20	drugD	0	2	72	1	347	c_21	t0_5
1022	BT20	drugD	0	2	72	3.162	311	c_21	t0_5
1023	BT20	drugD	0	2	72	10	332	c_21	t0_5
1032	BT20	drugA	0	3	72	0.001	619	c_22	t0_5
1033	BT20	drugA	0	3	72	0.003162	666	c_22	t0_5
1034	BT20	drugA	0	3	72	0.01	672	c_22	t0_5
1035	BT20	drugA	0	3	72	0.03162	397	c_22	t0_5
1036	BT20	drugA	0	3	72	0.1	485	c_22	t0_5
1037	BT20	drugA	0	3	72	0.3162	496	c_22	t0_5
1038	BT20	drugA	0	3	72	1	667	c_22	t0_5
1039	BT20	drugA	0	3	72	3.162	559	c_22	t0_5
1040	BT20	drugA	0	3	72	10	582	c_22	t0_5
1041	BT20	drugB	0	3	72	0.001	453	c_22	t0_5
1042	BT20	drugB	0	3	72	0.003162	472	c_22	t0_5
1043	BT20	drugB	0	3	72	0.01	539	c_22	t0_5
1044	BT20	drugB	0	3	72	0.03162	870	c_22	t0_5
1045	BT20	drugB	0	3	72	0.1	773	c_22	t0_5
1046	BT20	drugB	0	3	72	0.3162	797	c_22	t0_5
1047	BT20	drugB	0	3	72	1	377	c_22	t0_5
1048	BT20	drugB	0	3	72	3.162	521	c_22	t0_5
1049	BT20	drugB	0	3	72	10	450	c_22	t0_5
1050	BT20	drugC	0	3	72	0.001	851	c_22	t0_5
1051	BT20	drugC	0	3	72	0.003162	439	c_22	t0_5
1052	BT20	drugC	0	3	72	0.01	393	c_22	t0_5
1053	BT20	drugC	0	3	72	0.03162	370	c_22	t0_5
1054	BT20	drugC	0	3	72	0.1	361	c_22	t0_5
1055	BT20	drugC	0	3	72	0.3162	410	c_22	t0_5
1056	BT20	drugC	0	3	72	1	323	c_22	t0_5
1057	BT20	drugC	0	3	72	3.162	294	c_22	t0_5
1058	BT20	drugC	0	3	72	10	450	c_22	t0_5
1059	BT20	drugD	0	3	72	0.001	429	c_22	t0_5
1060	BT20	drugD	0	3	72	0.003162	579	c_22	t0_5
1061	BT20	drugD	0	3	72	0.01	597	c_22	t0_5
1062	BT20	drugD	0	3	72	0.03162	363	c_22	t0_5
1063	BT20	drugD	0	3	72	0.1	540	c_22	t0_5
1064	BT20	drugD	0	3	72	0.3162	210	c_22	t0_5
1065	BT20	drugD	0	3	72	1	229	c_22	t0_5
1066	BT20	drugD	0	3	72	3.162	315	c_22	t0_5
1067	BT20	drugD	0	3	72	10	289	c_22	t0_5
1096	BT20	drugA	1	1	48	0.001	342	c_23	t0_6
1097	BT20	drugA	1	1	48	0.003162	399	c_23	t0_6
1098	BT20	drugA	1	1	48	0.01	493	c_23	t0_6
1099	BT20	drugA	1	1	48	0.03162	248	c_23	t0_6
1100	BT20	drugA	1	1	48	0.1	409	c_23	t0_6
1101	BT20	drugA	1	1	48	0.3162	320	c_23	t0_6
1102	BT20	drugA	1	1	48	1	534	c_23	t0_6
1103	BT20	drugA	1	1	48	3.162	368	c_23	t0_6
1104	BT20	drugA	1	1	48	10	358	c_23	t0_6
1105	BT20	drugB	1	1	48	0.001	495	c_23	t0_6
1106	BT20	drugB	1	1	48	0.003162	440	c_23	t0_6
1107	BT20	drugB	1	1	48	0.01	301	c_23	t0_6
1108	BT20	drugB	1	1	48	0.03162	388	c_23	t0_6
1109	BT20	drugB	1	1	48	0.1	305	c_23	t0_6
1110	BT20	drugB	1	1	48	0.3162	550	c_23	t0_6
1111	BT20	drugB	1	1	48	1	259	c_23	t0_6
1112	BT20	drugB	1	1	48	3.162	363	c_23	t0_6
1113	BT20	drugB	1	1	48	10	244	c_23	t0_6
1114	BT20	drugC	1	1	48	0.001	346	c_23	t0_6
1115	BT20	drugC	1	1	48	0.003162	248	c_23	t0_6
1116	BT20	drugC	1	1	48	0.01	456	c_23	t0_6
1117	BT20	drugC	1	1	48	0.03162	280	c_23	t0_6
1118	BT20	drugC	1	1	48	0.1	270	c_23	t0_6
1119	BT20	drugC	1	1	48	0.3162	227	c_23	t0_6
1120	BT20	drugC	1	1	48	1	252	c_23	t0_6
1121	BT20	drugC	1	1	48	3.162	308	c_23	t0_6
1122	BT20	drugC	1	1	48	10	208	c_23	t0_6
1123	BT20	drugD	1	1	48	0.001	263	c_23	t0_6
1124	BT20	drugD	1	1	48	0.003162	392	c_23	t0_6
1125	BT20	drugD	1	1	48	0.01	439	c_23	t0_6
1126	BT20	drugD	1	1	48	0.03162	303	c_23	t0_6
1127	BT20	drugD	1	1	48	0.1	289	c_23	t0_6
1128	BT20	drugD	1	1	48	0.3162	177	c_23	t0_6
1129	BT20	drugD	1	1	48	1	210	c_23	t0_6
1130	BT20	drugD	1	1	48	3.162	297	c_23	t0_6
1131	BT20	drugD	1	1	48	10	356	c_23	t0_6
1140	BT20	drugA	1	2	48	0.001	436	c_24	t0_6
1141	BT20	drugA	1	2	48	0.003162	316	c_24	t0_6
1142	BT20	drugA	1	2	48	0.01	300	c_24	t0_6
1143	BT20	drugA	1	2	48	0.03162	365	c_24	t0_6
1144	BT20	drugA	1	2	48	0.1	537	c_24	t0_6
1145	BT20	drugA	1	2	48	0.3162	420	c_24	t0_6
1146	BT20	drugA	1	2	48	1	403	c_24	t0_6
1147	BT20	drugA	1	2	48	3.162	401	c_24	t0_6
1148	BT20	drugA	1	2	48	10	290	c_24	t0_6
1149	BT20	drugB	1	2	48	0.001	300	c_24	t0_6
1150	BT20	drugB	1	2	48	0.003162	574	c_24	t0_6
1151	BT20	drugB	1	2	48	0.01	255	c_24	t0_6
1152	BT20	drugB	1	2	48	0.03162	451	c_24	t0_6
1153	BT20	drugB	1	2	48	0.1	391	c_24	t0_6
1154	BT20	drugB	1	2	48	0.3162	381	c_24	t0_6
1155	BT20	drugB	1	2	48	1	358	c_24	t0_6
1156	BT20	drugB	1	2	48	3.162	264	c_24	t0_6
1157	BT20	drugB	1	2	48	10	289	c_24	t0_6
1158	BT20	drugC	1	2	48	0.001	437	c_24	t0_6
1159	BT20	drugC	1	2	48	0.003162	396	c_24	t0_6
1160	BT20	drugC	1	2	48	0.01	327	c_24	t0_6
1161	BT20	drugC	1	2	48	0.03162	420	c_24	t0_6
1162	BT20	drugC	1	2	48	0.1	276	c_24	t0_6
1163	BT20	drugC	1	2	48	0.3162	210	c_24	t0_6
1164	BT20	drugC	1	2	48	1	467	c_24	t0_6
1165	BT20	drugC	1	2	48	3.162	378	c_24	t0_6
1166	BT20	drugC	1	2	48	10	284	c_24	t0_6
1167	BT20	drugD	1	2	48	0.001	331	c_24	t0_6
1168	BT20	drugD	1	2	48	0.003162	291	c_24	t0_6
1169	BT20	drugD	1	2	48	0.01	447	c_24	t0_6
1170	BT20	drugD	1	2	48	0.03162	309	c_24	t0_6
1171	BT20	drugD	1	2	48	0.1	327	c_24	t0_6
1172	BT20	drugD	1	2	48	0.3162	280	c_24	t0_6
1173	BT20	drugD	1	2	48	1	273	c_24	t0_6
1174	BT20	drugD	1	2	48	3.162	256	c_24	t0_6
1175	BT20	drugD	1	2	48	10	336	c_24	t0_6
1184	BT20	drugA	1	3	48	0.001	521	c_25	t0_6
1185	BT20	drugA	1	3	48	0.003162	464	c_25	t0_6
1186	BT20	drugA	1	3	48	0.01	310	c_25	t0_6
1187	BT20	drugA	1	3	48	0.03162	394	c_25	t0_6
1188	BT20	drugA	1	3	48	0.1	417	c_25	t0_6
1189	BT20	drugA	1	3	48	0.3162	323	c_25	t0_6
1190	BT20	drugA	1	3	48	1	354	c_25	t0_6
1191	BT20	drugA	1	3	48	3.162	245	c_25	t0_6
1192	BT20	drugA	1	3	48	10	477	c_25	t0_6
1193	BT20	drugB	1	3	48	0.001	315	c_25	t0_6
1194	BT20	drugB	1	3	48	0.003162	293	c_25	t0_6
1195	BT20	drugB	1	3	48	0.01	395	c_25	t0_6
1196	BT20	drugB	1	3	48	0.03162	406	c_25	t0_6
1197	BT20	drugB	1	3	48	0.1	392	c_25	t0_6
1198	BT20	drugB	1	3	48	0.3162	440	c_25	t0_6
1199	BT20	drugB	1	3	48	1	372	c_25	t0_6
1200	BT20	drugB	1	3	48	3.162	441	c_25	t0_6
1201	BT20	drugB	1	3	48	10	278	c_25	t0_6
1202	BT20	drugC	1	3	48	0.001	405	c_25	t0_6
1203	BT20	drugC	1	3	48	0.003162	241	c_25	t0_6
1204	BT20	drugC	1	3	48	0.01	241	c_25	t0_6
1205	BT20	drugC	1	3	48	0.03162	430	c_25	t0_6
1206	BT20	drugC	1	3	48	0.1	316	c_25	t0_6
1207	BT20	drugC	1	3	48	0.3162	390	c_25	t0_6
1208	BT20	drugC	1	3	48	1	233	c_25	t0_6
1209	BT20	drugC	1	3	48	3.162	275	c_25	t0_6
1210	BT20	drugC	1	3	48	10	215	c_25	t0_6
1211	BT20	drugD	1	3	48	0.001	399	c_25	t0_6
1212	BT20	drugD	1	3	48	0.003162	252	c_25	t0_6
1213	BT20	drugD	1	3	48	0.01	432	c_25	t0_6
1214	BT20	drugD	1	3	48	0.03162	297	c_25	t0_6
1215	BT20	drugD	1	3	48	0.1	285	c_25	t0_6
1216	BT20	drugD	1	3	48	0.3162	220	c_25	t0_6
1217	BT20	drugD	1	3	48	1	284	c_25	t0_6
1218	BT20	drugD	1	3	48	3.162	175	c_25	t0_6
1219	BT20	drugD	1	3	48	10	188	c_25	t0_6
1228	BT20	drugA	1	1	72	0.001	337	c_26	t0_6
1229	BT20	drugA	1	1	72	0.003162	477	c_26	t0_6
1230	BT20	drugA	1	1	72	0.01	345	c_26	t0_6
1231	BT20	drugA	1	1	72	0.03162	387	c_26	t0_6
1232	BT20	drugA	1	1	72	0.1	458	c_26	t0_6
1233	BT20	drugA	1	1	72	0.3162	327	c_26	t0_6
1234	BT20	drugA	1	1	72	1	477	c_26	t0_6
1235	BT20	drugA	1	1	72	3.162	425	c_26	t0_6
1236	BT20	drugA	1	1	72	10	553	c_26	t0_6
1237	BT20	drugB	1	1	72	0.001	509	c_26	t0_6
1238	BT20	drugB	1	1	72	0.003162	437	c_26	t0_6
1239	BT20	drugB	1	1	72	0.01	641	c_26	t0_6
1240	BT20	drugB	1	1	72	0.03162	498	c_26	t0_6
1241	BT20	drugB	1	1	72	0.1	475	c_26	t0_6
1242	BT20	drugB	1	1	72	0.3162	460	c_26	t0_6
1243	BT20	drugB	1	1	72	1	397	c_26	t0_6
1244	BT20	drugB	1	1	72	3.162	470	c_26	t0_6
1245	BT20	drugB	1	1	72	10	339	c_26	t0_6
1246	BT20	drugC	1	1	72	0.001	285	c_26	t0_6
1247	BT20	drugC	1	1	72	0.003162	508	c_26	t0_6
1248	BT20	drugC	1	1	72	0.01	329	c_26	t0_6
1249	BT20	drugC	1	1	72	0.03162	581	c_26	t0_6
1250	BT20	drugC	1	1	72	0.1	323	c_26	t0_6
1251	BT20	drugC	1	1	72	0.3162	336	c_26	t0_6
1252	BT20	drugC	1	1	72	1	385	c_26	t0_6
1253	BT20	drugC	1	1	72	3.162	438	c_26	t0_6
1254	BT20	drugC	1	1	72	10	312	c_26	t0_6
1255	BT20	drugD	1	1	72	0.001	641	c_26	t0_6
1256	BT20	drugD	1	1	72	0.003162	523	c_26	t0_6
1257	BT20	drugD	1	1	72	0.01	614	c_26	t0_6
1258	BT20	drugD	1	1	72	0.03162	395	c_26	t0_6
1259	BT20	drugD	1	1	72	0.1	235	c_26	t0_6
1260	BT20	drugD	1	1	72	0.3162	183	c_26	t0_6
1261	BT20	drugD	1	1	72	1	184	c_26	t0_6
1262	BT20	drugD	1	1	72	3.162	247	c_26	t0_6
1263	BT20	drugD	1	1	72	10	352	c_26	t0_6
1272	BT20	drugA	1	2	72	0.001	328	c_27	t0_6
1273	BT20	drugA	1	2	72	0.003162	438	c_27	t0_6
1274	BT20	drugA	1	2	72	0.01	286	c_27	t0_6
1275	BT20	drugA	1	2	72	0.03162	444	c_27	t0_6
1276	BT20	drugA	1	2	72	0.1	461	c_27	t0_6
1277	BT20	drugA	1	2	72	0.3162	292	c_27	t0_6
1278	BT20	drugA	1	2	72	1	499	c_27	t0_6
1279	BT20	drugA	1	2	72	3.162	271	c_27	t0_6
1280	BT20	drugA	1	2	72	10	254	c_27	t0_6
1281	BT20	drugB	1	2	72	0.001	343	c_27	t0_6
1282	BT20	drugB	1	2	72	0.003162	564	c_27	t0_6
1283	BT20	drugB	1	2	72	0.01	483	c_27	t0_6
1284	BT20	drugB	1	2	72	0.03162	477	c_27	t0_6
1285	BT20	drugB	1	2	72	0.1	323	c_27	t0_6
1286	BT20	drugB	1	2	72	0.3162	641	c_27	t0_6
1287	BT20	drugB	1	2	72	1	449	c_27	t0_6
1288	BT20	drugB	1	2	72	3.162	436	c_27	t0_6
1289	BT20	drugB	1	2	72	10	376	c_27	t0_6
1290	BT20	drugC	1	2	72	0.001	527	c_27	t0_6
1291	BT20	drugC	1	2	72	0.003162	494	c_27	t0_6
1292	BT20	drugC	1	2	72	0.01	448	c_27	t0_6
1293	BT20	drugC	1	2	72	0.03162	318	c_27	t0_6
1294	BT20	drugC	1	2	72	0.1	297	c_27	t0_6
1295	BT20	drugC	1	2	72	0.3162	413	c_27	t0_6
1296	BT20	drugC	1	2	72	1	444	c_27	t0_6
1297	BT20	drugC	1	2	72	3.162	319	c_27	t0_6
1298	BT20	drugC	1	2	72	10	319	c_27	t0_6
1299	BT20	drugD	1	2	72	0.001	525	c_27	t0_6
1300	BT20	drugD	1	2	72	0.003162	286	c_27	t0_6
1301	BT20	drugD	1	2	72	0.01	282	c_27	t0_6
1302	BT20	drugD	1	2	72	0.03162	356	c_27	t0_6
1303	BT20	drugD	1	2	72	0.1	334	c_27	t0_6
1304	BT20	drugD	1	2	72	0.3162	216	c_27	t0_6
1305	BT20	drugD	1	2	72	1	293	c_27	t0_6
1306	BT20	drugD	1	2	72	3.162	205	c_27	t0_6
1307	BT20	drugD	1	2	72	10	273	c_27	t0_6
1316	BT20	drugA	1	3	72	0.001	589	c_28	t0_6
1317	BT20	drugA	1	3	72	0.003162	425	c_28	t0_6
1318	BT20	drugA	1	3	72	0.01	618	c_28	t0_6
1319	BT20	drugA	1	3	72	0.03162	380	c_28	t0_6
1320	BT20	drugA	1	3	72	0.1	391	c_28	t0_6
1321	BT20	drugA	1	3	72	0.3162	579	c_28	t0_6
1322	BT20	drugA	1	3	72	1	610	c_28	t0_6
1323	BT20	drugA	1	3	72	3.162	596	c_28	t0_6
1324	BT20	drugA	1	3	72	10	379	c_28	t0_6
1325	BT20	drugB	1	3	72	0.001	425	c_28	t0_6
1326	BT20	drugB	1	3	72	0.003162	301	c_28	t0_6
1327	BT20	drugB	1	3	72	0.01	304	c_28	t0_6
1328	BT20	drugB	1	3	72	0.03162	554	c_28	t0_6
1329	BT20	drugB	1	3	72	0.1	667	c_28	t0_6
1330	BT20	drugB	1	3	72	0.3162	589	c_28	t0_6
1331	BT20	drugB	1	3	72	1	435	c_28	t0_6
1332	BT20	drugB	1	3	72	3.162	589	c_28	t0_6
1333	BT20	drugB	1	3	72	10	493	c_28	t0_6
1334	BT20	drugC	1	3	72	0.001	382	c_28	t0_6
1335	BT20	drugC	1	3	72	0.003162	478	c_28	t0_6
1336	BT20	drugC	1	3	72	0.01	348	c_28	t0_6
1337	BT20	drugC	1	3	72	0.03162	527	c_28	t0_6
1338	BT20	drugC	1	3	72	0.1	423	c_28	t0_6
1339	BT20	drugC	1	3	72	0.3162	235	c_28	t0_6
1340	BT20	drugC	1	3	72	1	358	c_28	t0_6
1341	BT20	drugC	1	3	72	3.162	293	c_28	t0_6
1342	BT20	drugC	1	3	72	10	348	c_28	t0_6
1343	BT20	drugD	1	3	72	0.001	532	c_28	t0_6
1344	BT20	drugD	1	3	72	0.003162	608	c_28	t0_6
1345	BT20	drugD	1	3	72	0.01	297	c_28	t0_6
1346	BT20	drugD	1	3	72	0.03162	410	c_28	t0_6
1347	BT20	drugD	1	3	72	0.1	434	c_28	t0_6
1348	BT20	drugD	1	3	72	0.3162	278	c_28	t0_6
1349	BT20	drugD	1	3	72	1	211	c_28	t0_6
1350	BT20	drugD	1	3	72	3.162	321	c_28	t0_6
1351	BT20	drugD	1	3	72	10	291	c_28	t0_6
