cell_line	agent	perturbation	replicate	time	concentration	cell_count	cell_count__ctrl	cell_count__time0	ctrl_tag	time0_tag	GRvalue
MCF10A	-	0	NaN	0	0	66	NaN	95	c_0	t0_1	NaN
MCF10A	-	0	NaN	0	0	106	NaN	95	c_0	t0_1	NaN
MCF10A	-	0	NaN	0	0	69	NaN	95	c_0	t0_1	NaN
MCF10A	-	0	NaN	0	0	98	NaN	95	c_0	t0_1	NaN
MCF10A	-	0	NaN	0	0	92	NaN	95	c_0	t0_1	NaN
MCF10A	-	0	NaN	0	0	92	NaN	95	c_0	t0_1	NaN
MCF10A	-	0	NaN	0	0	66	NaN	95	c_0	t0_1	NaN
MCF10A	-	0	NaN	0	0	102	NaN	95	c_0	t0_1	NaN
MCF10A	-	0	NaN	0	0	115	NaN	95	c_0	t0_1	NaN
MCF10A	-	0	NaN	0	0	141	NaN	95	c_0	t0_1	NaN
MCF10A	-	0	NaN	0	0	120	NaN	95	c_0	t0_1	NaN
MCF10A	-	0	NaN	0	0	66	NaN	95	c_0	t0_1	NaN
MCF10A	-	0	NaN	0	0	69	NaN	95	c_0	t0_1	NaN
MCF10A	-	0	NaN	0	0	123	NaN	95	c_0	t0_1	NaN
MCF10A	-	0	NaN	0	0	73	NaN	95	c_0	t0_1	NaN
MCF10A	-	0	NaN	0	0	105	NaN	95	c_0	t0_1	NaN
MCF10A	-	0	NaN	0	0	66	NaN	95	c_0	t0_1	NaN
MCF10A	-	0	NaN	0	0	119	NaN	95	c_0	t0_1	NaN
MCF10A	-	0	NaN	0	0	129	NaN	95	c_0	t0_1	NaN
MCF10A	-	0	NaN	0	0	106	NaN	95	c_0	t0_1	NaN
MCF10A	-	0	1	48	0	319	326	95	c_1	t0_1	NaN
MCF10A	-	0	1	48	0	320	326	95	c_1	t0_1	NaN
MCF10A	-	0	1	48	0	288	326	95	c_1	t0_1	NaN
MCF10A	-	0	1	48	0	352	326	95	c_1	t0_1	NaN
MCF10A	-	0	1	48	0	387	326	95	c_1	t0_1	NaN
MCF10A	-	0	1	48	0	313	326	95	c_1	t0_1	NaN
MCF10A	-	0	1	48	0	279	326	95	c_1	t0_1	NaN
MCF10A	-	0	1	48	0	402	326	95	c_1	t0_1	NaN
MCF10A	drugA	0	1	48	0.001	326	326	95	c_1	t0_1	1
MCF10A	drugA	0	1	48	0.003162	353	326	95	c_1	t0_1	1.09149
MCF10A	drugA	0	1	48	0.01	347	326	95	c_1	t0_1	1.07143
MCF10A	drugA	0	1	48	0.03162	383	326	95	c_1	t0_1	1.18963
MCF10A	drugA	0	1	48	0.1	278	326	95	c_1	t0_1	0.828707
MCF10A	drugA	0	1	48	0.3162	295	326	95	c_1	t0_1	0.890754
MCF10A	drugA	0	1	48	1	283	326	95	c_1	t0_1	0.847125
MCF10A	drugA	0	1	48	3.162	161	326	95	c_1	t0_1	0.345212
MCF10A	drugA	0	1	48	10	88	326	95	c_1	t0_1	-0.0421148
MCF10A	drugB	0	1	48	0.001	382	326	95	c_1	t0_1	1.18641
MCF10A	drugB	0	1	48	0.003162	341	326	95	c_1	t0_1	1.05122
MCF10A	drugB	0	1	48	0.01	349	326	95	c_1	t0_1	1.07814
MCF10A	drugB	0	1	48	0.03162	324	326	95	c_1	t0_1	0.993093
MCF10A	drugB	0	1	48	0.1	311	326	95	c_1	t0_1	0.947735
MCF10A	drugB	0	1	48	0.3162	253	326	95	c_1	t0_1	0.734357
MCF10A	drugB	0	1	48	1	179	326	95	c_1	t0_1	0.427792
MCF10A	drugB	0	1	48	3.162	85	326	95	c_1	t0_1	-0.0606113
MCF10A	drugB	0	1	48	10	78	326	95	c_1	t0_1	-0.104917
MCF10A	drugC	0	1	48	0.001	335	326	95	c_1	t0_1	1.03085
MCF10A	drugC	0	1	48	0.003162	308	326	95	c_1	t0_1	0.937151
MCF10A	drugC	0	1	48	0.01	401	326	95	c_1	t0_1	1.24689
MCF10A	drugC	0	1	48	0.03162	363	326	95	c_1	t0_1	1.1246
MCF10A	drugC	0	1	48	0.1	278	326	95	c_1	t0_1	0.828707
MCF10A	drugC	0	1	48	0.3162	201	326	95	c_1	t0_1	0.523932
MCF10A	drugC	0	1	48	1	172	326	95	c_1	t0_1	0.39613
MCF10A	drugC	0	1	48	3.162	176	326	95	c_1	t0_1	0.414291
MCF10A	drugC	0	1	48	10	163	326	95	c_1	t0_1	0.354581
MCF10A	drugD	0	1	48	0.001	302	326	95	c_1	t0_1	0.915846
MCF10A	drugD	0	1	48	0.003162	324	326	95	c_1	t0_1	0.993093
MCF10A	drugD	0	1	48	0.01	315	326	95	c_1	t0_1	0.961778
MCF10A	drugD	0	1	48	0.03162	351	326	95	c_1	t0_1	1.08482
MCF10A	drugD	0	1	48	0.1	207	326	95	c_1	t0_1	0.54934
MCF10A	drugD	0	1	48	0.3162	101	326	95	c_1	t0_1	0.0350279
MCF10A	drugD	0	1	48	1	57	326	95	c_1	t0_1	-0.24961
MCF10A	drugD	0	1	48	3.162	50	326	95	c_1	t0_1	-0.302896
MCF10A	drugD	0	1	48	10	47	326	95	c_1	t0_1	-0.326727
MCF10A	-	0	2	48	0	372	324	95	c_2	t0_1	NaN
MCF10A	-	0	2	48	0	316	324	95	c_2	t0_1	NaN
MCF10A	-	0	2	48	0	343	324	95	c_2	t0_1	NaN
MCF10A	-	0	2	48	0	333	324	95	c_2	t0_1	NaN
MCF10A	-	0	2	48	0	319	324	95	c_2	t0_1	NaN
MCF10A	-	0	2	48	0	283	324	95	c_2	t0_1	NaN
MCF10A	-	0	2	48	0	322	324	95	c_2	t0_1	NaN
MCF10A	-	0	2	48	0	323	324	95	c_2	t0_1	NaN
MCF10A	drugA	0	2	48	0.001	345	324	95	c_2	t0_1	1.07224
MCF10A	drugA	0	2	48	0.003162	369	324	95	c_2	t0_1	1.15249
MCF10A	drugA	0	2	48	0.01	338	324	95	c_2	t0_1	1.04838
MCF10A	drugA	0	2	48	0.03162	269	324	95	c_2	t0_1	0.800463
MCF10A	drugA	0	2	48	0.1	324	324	95	c_2	t0_1	1
MCF10A	drugA	0	2	48	0.3162	259	324	95	c_2	t0_1	0.762337
MCF10A	drugA	0	2	48	1	274	324	95	c_2	t0_1	0.819295
MCF10A	drugA	0	2	48	3.162	160	324	95	c_2	t0_1	0.34248
MCF10A	drugA	0	2	48	10	94	324	95	c_2	t0_1	-0.00596078
MCF10A	drugB	0	2	48	0.001	281	324	95	c_2	t0_1	0.84541
MCF10A	drugB	0	2	48	0.003162	336	324	95	c_2	t0_1	1.04152
MCF10A	drugB	0	2	48	0.01	352	324	95	c_2	t0_1	1.09589
MCF10A	drugB	0	2	48	0.03162	346	324	95	c_2	t0_1	1.07563
MCF10A	drugB	0	2	48	0.1	367	324	95	c_2	t0_1	1.14589
MCF10A	drugB	0	2	48	0.3162	330	324	95	c_2	t0_1	1.02084
MCF10A	drugB	0	2	48	1	239	324	95	c_2	t0_1	0.68411
MCF10A	drugB	0	2	48	3.162	91	324	95	c_2	t0_1	-0.0240107
MCF10A	drugB	0	2	48	10	67	324	95	c_2	t0_1	-0.179039
MCF10A	drugC	0	2	48	0.001	294	324	95	c_2	t0_1	0.893169
MCF10A	drugC	0	2	48	0.003162	381	324	95	c_2	t0_1	1.19176
MCF10A	drugC	0	2	48	0.01	300	324	95	c_2	t0_1	0.914902
MCF10A	drugC	0	2	48	0.03162	360	324	95	c_2	t0_1	1.12267
MCF10A	drugC	0	2	48	0.1	285	324	95	c_2	t0_1	0.860205
MCF10A	drugC	0	2	48	0.3162	183	324	95	c_2	t0_1	0.448317
MCF10A	drugC	0	2	48	1	153	324	95	c_2	t0_1	0.308975
MCF10A	drugC	0	2	48	3.162	150	324	95	c_2	t0_1	0.294412
MCF10A	drugC	0	2	48	10	163	324	95	c_2	t0_1	0.356644
MCF10A	drugD	0	2	48	0.001	367	324	95	c_2	t0_1	1.14589
MCF10A	drugD	0	2	48	0.003162	306	324	95	c_2	t0_1	0.936446
MCF10A	drugD	0	2	48	0.01	338	324	95	c_2	t0_1	1.04838
MCF10A	drugD	0	2	48	0.03162	251	324	95	c_2	t0_1	0.731373
MCF10A	drugD	0	2	48	0.1	177	324	95	c_2	t0_1	0.421294
MCF10A	drugD	0	2	48	0.3162	79	324	95	c_2	t0_1	-0.0989527
MCF10A	drugD	0	2	48	1	48	324	95	c_2	t0_1	-0.320021
MCF10A	drugD	0	2	48	3.162	54	324	95	c_2	t0_1	-0.273233
MCF10A	drugD	0	2	48	10	53	324	95	c_2	t0_1	-0.280868
MCF10A	-	0	1	72	0	612	637	95	c_3	t0_1	NaN
MCF10A	-	0	1	72	0	678	637	95	c_3	t0_1	NaN
MCF10A	-	0	1	72	0	609	637	95	c_3	t0_1	NaN
MCF10A	-	0	1	72	0	751	637	95	c_3	t0_1	NaN
MCF10A	-	0	1	72	0	704	637	95	c_3	t0_1	NaN
MCF10A	-	0	1	72	0	647	637	95	c_3	t0_1	NaN
MCF10A	-	0	1	72	0	612	637	95	c_3	t0_1	NaN
MCF10A	-	0	1	72	0	590	637	95	c_3	t0_1	NaN
MCF10A	drugA	0	1	72	0.001	597	637	95	c_3	t0_1	0.953307
MCF10A	drugA	0	1	72	0.003162	594	637	95	c_3	t0_1	0.949726
MCF10A	drugA	0	1	72	0.01	706	637	95	c_3	t0_1	1.07635
MCF10A	drugA	0	1	72	0.03162	691	637	95	c_3	t0_1	1.06017
MCF10A	drugA	0	1	72	0.1	620	637	95	c_3	t0_1	0.98039
MCF10A	drugA	0	1	72	0.3162	611	637	95	c_3	t0_1	0.96987
MCF10A	drugA	0	1	72	1	441	637	95	c_3	t0_1	0.749272
MCF10A	drugA	0	1	72	3.162	160	637	95	c_3	t0_1	0.209114
MCF10A	drugA	0	1	72	10	128	637	95	c_3	t0_1	0.114722
MCF10A	drugB	0	1	72	0.001	681	637	95	c_3	t0_1	1.04926
MCF10A	drugB	0	1	72	0.003162	583	637	95	c_3	t0_1	0.936496
MCF10A	drugB	0	1	72	0.01	631	637	95	c_3	t0_1	0.993117
MCF10A	drugB	0	1	72	0.03162	626	637	95	c_3	t0_1	0.98735
MCF10A	drugB	0	1	72	0.1	719	637	95	c_3	t0_1	1.09019
MCF10A	drugB	0	1	72	0.3162	524	637	95	c_3	t0_1	0.862678
MCF10A	drugB	0	1	72	1	421	637	95	c_3	t0_1	0.719948
MCF10A	drugB	0	1	72	3.162	125	637	95	c_3	t0_1	0.105134
MCF10A	drugB	0	1	72	10	67	637	95	c_3	t0_1	-0.119437
MCF10A	drugC	0	1	72	0.001	719	637	95	c_3	t0_1	1.09019
MCF10A	drugC	0	1	72	0.003162	626	637	95	c_3	t0_1	0.98735
MCF10A	drugC	0	1	72	0.01	694	637	95	c_3	t0_1	1.06342
MCF10A	drugC	0	1	72	0.03162	573	637	95	c_3	t0_1	0.92433
MCF10A	drugC	0	1	72	0.1	546	637	95	c_3	t0_1	0.890793
MCF10A	drugC	0	1	72	0.3162	326	637	95	c_3	t0_1	0.566964
MCF10A	drugC	0	1	72	1	244	637	95	c_3	t0_1	0.410019
MCF10A	drugC	0	1	72	3.162	265	637	95	c_3	t0_1	0.453068
MCF10A	drugC	0	1	72	10	228	637	95	c_3	t0_1	0.375611
MCF10A	drugD	0	1	72	0.001	533	637	95	c_3	t0_1	0.874269
MCF10A	drugD	0	1	72	0.003162	659	637	95	c_3	t0_1	1.02489
MCF10A	drugD	0	1	72	0.01	525	637	95	c_3	t0_1	0.863972
MCF10A	drugD	0	1	72	0.03162	539	637	95	c_3	t0_1	0.881927
MCF10A	drugD	0	1	72	0.1	360	637	95	c_3	t0_1	0.624624
MCF10A	drugD	0	1	72	0.3162	116	637	95	c_3	t0_1	0.075459
MCF10A	drugD	0	1	72	1	46	637	95	c_3	t0_1	-0.23216
MCF10A	drugD	0	1	72	3.162	38	637	95	c_3	t0_1	-0.28378
MCF10A	drugD	0	1	72	10	42	637	95	c_3	t0_1	-0.257187
MCF10A	-	0	2	72	0	758	676	95	c_4	t0_1	NaN
MCF10A	-	0	2	72	0	701	676	95	c_4	t0_1	NaN
MCF10A	-	0	2	72	0	670	676	95	c_4	t0_1	NaN
MCF10A	-	0	2	72	0	687	676	95	c_4	t0_1	NaN
MCF10A	-	0	2	72	0	683	676	95	c_4	t0_1	NaN
MCF10A	-	0	2	72	0	665	676	95	c_4	t0_1	NaN
MCF10A	-	0	2	72	0	616	676	95	c_4	t0_1	NaN
MCF10A	-	0	2	72	0	641	676	95	c_4	t0_1	NaN
MCF10A	drugA	0	2	72	0.001	732	676	95	c_4	t0_1	1.05702
MCF10A	drugA	0	2	72	0.003162	619	676	95	c_4	t0_1	0.938728
MCF10A	drugA	0	2	72	0.01	558	676	95	c_4	t0_1	0.868967
MCF10A	drugA	0	2	72	0.03162	724	676	95	c_4	t0_1	1.04905
MCF10A	drugA	0	2	72	0.1	706	676	95	c_4	t0_1	1.03091
MCF10A	drugA	0	2	72	0.3162	574	676	95	c_4	t0_1	0.887724
MCF10A	drugA	0	2	72	1	413	676	95	c_4	t0_1	0.680506
MCF10A	drugA	0	2	72	3.162	175	676	95	c_4	t0_1	0.240843
MCF10A	drugA	0	2	72	10	109	676	95	c_4	t0_1	0.049757
MCF10A	drugB	0	2	72	0.001	679	676	95	c_4	t0_1	1.00313
MCF10A	drugB	0	2	72	0.003162	567	676	95	c_4	t0_1	0.87956
MCF10A	drugB	0	2	72	0.01	711	676	95	c_4	t0_1	1.03598
MCF10A	drugB	0	2	72	0.03162	627	676	95	c_4	t0_1	0.947542
MCF10A	drugB	0	2	72	0.1	645	676	95	c_4	t0_1	0.96711
MCF10A	drugB	0	2	72	0.3162	599	676	95	c_4	t0_1	0.916366
MCF10A	drugB	0	2	72	1	400	676	95	c_4	t0_1	0.661628
MCF10A	drugB	0	2	72	3.162	100	676	95	c_4	t0_1	0.0182834
MCF10A	drugB	0	2	72	10	64	676	95	c_4	t0_1	-0.130227
MCF10A	drugC	0	2	72	0.001	612	676	95	c_4	t0_1	0.930955
MCF10A	drugC	0	2	72	0.003162	662	676	95	c_4	t0_1	0.98527
MCF10A	drugC	0	2	72	0.01	608	676	95	c_4	t0_1	0.926488
MCF10A	drugC	0	2	72	0.03162	548	676	95	c_4	t0_1	0.857067
MCF10A	drugC	0	2	72	0.1	494	676	95	c_4	t0_1	0.790248
MCF10A	drugC	0	2	72	0.3162	293	676	95	c_4	t0_1	0.488606
MCF10A	drugC	0	2	72	1	238	676	95	c_4	t0_1	0.383205
MCF10A	drugC	0	2	72	3.162	228	676	95	c_4	t0_1	0.362391
MCF10A	drugC	0	2	72	10	223	676	95	c_4	t0_1	0.351762
MCF10A	drugD	0	2	72	0.001	689	676	95	c_4	t0_1	1.0135
MCF10A	drugD	0	2	72	0.003162	584	676	95	c_4	t0_1	0.899276
MCF10A	drugD	0	2	72	0.01	615	676	95	c_4	t0_1	0.934293
MCF10A	drugD	0	2	72	0.03162	507	676	95	c_4	t0_1	0.80675
MCF10A	drugD	0	2	72	0.1	327	676	95	c_4	t0_1	0.547469
MCF10A	drugD	0	2	72	0.3162	120	676	95	c_4	t0_1	0.0860199
MCF10A	drugD	0	2	72	1	52	676	95	c_4	t0_1	-0.191737
MCF10A	drugD	0	2	72	3.162	44	676	95	c_4	t0_1	-0.238051
MCF10A	drugD	0	2	72	10	38	676	95	c_4	t0_1	-0.276504
MCF10A	-	1	NaN	0	0	116	NaN	100	c_4	t0_2	NaN
MCF10A	-	1	NaN	0	0	131	NaN	100	c_4	t0_2	NaN
MCF10A	-	1	NaN	0	0	66	NaN	100	c_4	t0_2	NaN
MCF10A	-	1	NaN	0	0	73	NaN	100	c_4	t0_2	NaN
MCF10A	-	1	NaN	0	0	102	NaN	100	c_4	t0_2	NaN
MCF10A	-	1	NaN	0	0	95	NaN	100	c_4	t0_2	NaN
MCF10A	-	1	NaN	0	0	85	NaN	100	c_4	t0_2	NaN
MCF10A	-	1	NaN	0	0	104	NaN	100	c_4	t0_2	NaN
MCF10A	-	1	NaN	0	0	118	NaN	100	c_4	t0_2	NaN
MCF10A	-	1	NaN	0	0	85	NaN	100	c_4	t0_2	NaN
MCF10A	-	1	NaN	0	0	75	NaN	100	c_4	t0_2	NaN
MCF10A	-	1	NaN	0	0	81	NaN	100	c_4	t0_2	NaN
MCF10A	-	1	NaN	0	0	108	NaN	100	c_4	t0_2	NaN
MCF10A	-	1	NaN	0	0	102	NaN	100	c_4	t0_2	NaN
MCF10A	-	1	NaN	0	0	109	NaN	100	c_4	t0_2	NaN
MCF10A	-	1	NaN	0	0	150	NaN	100	c_4	t0_2	NaN
MCF10A	-	1	NaN	0	0	85	NaN	100	c_4	t0_2	NaN
MCF10A	-	1	NaN	0	0	106	NaN	100	c_4	t0_2	NaN
MCF10A	-	1	NaN	0	0	113	NaN	100	c_4	t0_2	NaN
MCF10A	-	1	NaN	0	0	104	NaN	100	c_4	t0_2	NaN
MCF10A	-	1	1	48	0	259	268	100	c_5	t0_2	NaN
MCF10A	-	1	1	48	0	264	268	100	c_5	t0_2	NaN
MCF10A	-	1	1	48	0	285	268	100	c_5	t0_2	NaN
MCF10A	-	1	1	48	0	279	268	100	c_5	t0_2	NaN
MCF10A	-	1	1	48	0	235	268	100	c_5	t0_2	NaN
MCF10A	-	1	1	48	0	230	268	100	c_5	t0_2	NaN
MCF10A	-	1	1	48	0	273	268	100	c_5	t0_2	NaN
MCF10A	-	1	1	48	0	326	268	100	c_5	t0_2	NaN
MCF10A	drugA	1	1	48	0.001	306	268	100	c_5	t0_2	1.19543
MCF10A	drugA	1	1	48	0.003162	226	268	100	c_5	t0_2	0.77411
MCF10A	drugA	1	1	48	0.01	260	268	100	c_5	t0_2	0.957834
MCF10A	drugA	1	1	48	0.03162	269	268	100	c_5	t0_2	1.00524
MCF10A	drugA	1	1	48	0.1	244	268	100	c_5	t0_2	0.872326
MCF10A	drugA	1	1	48	0.3162	296	268	100	c_5	t0_2	1.14474
MCF10A	drugA	1	1	48	1	218	268	100	c_5	t0_2	0.729718
MCF10A	drugA	1	1	48	3.162	145	268	100	c_5	t0_2	0.298557
MCF10A	drugA	1	1	48	10	122	268	100	c_5	t0_2	0.150062
MCF10A	drugB	1	1	48	0.001	245	268	100	c_5	t0_2	0.877718
MCF10A	drugB	1	1	48	0.003162	265	268	100	c_5	t0_2	0.984232
MCF10A	drugB	1	1	48	0.01	276	268	100	c_5	t0_2	1.04179
MCF10A	drugB	1	1	48	0.03162	265	268	100	c_5	t0_2	0.984232
MCF10A	drugB	1	1	48	0.1	247	268	100	c_5	t0_2	0.888482
MCF10A	drugB	1	1	48	0.3162	222	268	100	c_5	t0_2	0.751974
MCF10A	drugB	1	1	48	1	205	268	100	c_5	t0_2	0.656534
MCF10A	drugB	1	1	48	3.162	104	268	100	c_5	t0_2	0.0279606
MCF10A	drugB	1	1	48	10	92	268	100	c_5	t0_2	-0.0569418
MCF10A	drugC	1	1	48	0.001	284	268	100	c_5	t0_2	1.08323
MCF10A	drugC	1	1	48	0.003162	279	268	100	c_5	t0_2	1.05737
MCF10A	drugC	1	1	48	0.01	284	268	100	c_5	t0_2	1.08323
MCF10A	drugC	1	1	48	0.03162	260	268	100	c_5	t0_2	0.957834
MCF10A	drugC	1	1	48	0.1	268	268	100	c_5	t0_2	1
MCF10A	drugC	1	1	48	0.3162	218	268	100	c_5	t0_2	0.729718
MCF10A	drugC	1	1	48	1	184	268	100	c_5	t0_2	0.535319
MCF10A	drugC	1	1	48	3.162	182	268	100	c_5	t0_2	0.523566
MCF10A	drugC	1	1	48	10	156	268	100	c_5	t0_2	0.367067
MCF10A	drugD	1	1	48	0.001	292	268	100	c_5	t0_2	1.12432
MCF10A	drugD	1	1	48	0.003162	268	268	100	c_5	t0_2	1
MCF10A	drugD	1	1	48	0.01	262	268	100	c_5	t0_2	0.968411
MCF10A	drugD	1	1	48	0.03162	258	268	100	c_5	t0_2	0.947233
MCF10A	drugD	1	1	48	0.1	158	268	100	c_5	t0_2	0.379367
MCF10A	drugD	1	1	48	0.3162	99	268	100	c_5	t0_2	-0.00704168
MCF10A	drugD	1	1	48	1	72	268	100	c_5	t0_2	-0.206243
MCF10A	drugD	1	1	48	3.162	57	268	100	c_5	t0_2	-0.32648
MCF10A	drugD	1	1	48	10	54	268	100	c_5	t0_2	-0.351603
MCF10A	-	1	2	48	0	315	262	100	c_6	t0_2	NaN
MCF10A	-	1	2	48	0	228	262	100	c_6	t0_2	NaN
MCF10A	-	1	2	48	0	270	262	100	c_6	t0_2	NaN
MCF10A	-	1	2	48	0	259	262	100	c_6	t0_2	NaN
MCF10A	-	1	2	48	0	244	262	100	c_6	t0_2	NaN
MCF10A	-	1	2	48	0	304	262	100	c_6	t0_2	NaN
MCF10A	-	1	2	48	0	267	262	100	c_6	t0_2	NaN
MCF10A	-	1	2	48	0	252	262	100	c_6	t0_2	NaN
MCF10A	drugA	1	2	48	0.001	256	262	100	c_6	t0_2	0.966932
MCF10A	drugA	1	2	48	0.003162	284	262	100	c_6	t0_2	1.11948
MCF10A	drugA	1	2	48	0.01	259	262	100	c_6	t0_2	0.983493
MCF10A	drugA	1	2	48	0.03162	257	262	100	c_6	t0_2	0.972458
MCF10A	drugA	1	2	48	0.1	304	262	100	c_6	t0_2	1.22587
MCF10A	drugA	1	2	48	0.3162	284	262	100	c_6	t0_2	1.11948
MCF10A	drugA	1	2	48	1	225	262	100	c_6	t0_2	0.792453
MCF10A	drugA	1	2	48	3.162	136	262	100	c_6	t0_2	0.247674
MCF10A	drugA	1	2	48	10	113	262	100	c_6	t0_2	0.0919376
MCF10A	drugB	1	2	48	0.001	302	262	100	c_6	t0_2	1.21532
MCF10A	drugB	1	2	48	0.003162	248	262	100	c_6	t0_2	0.922501
MCF10A	drugB	1	2	48	0.01	284	262	100	c_6	t0_2	1.11948
MCF10A	drugB	1	2	48	0.03162	282	262	100	c_6	t0_2	1.10873
MCF10A	drugB	1	2	48	0.1	276	262	100	c_6	t0_2	1.07635
MCF10A	drugB	1	2	48	0.3162	264	262	100	c_6	t0_2	1.01098
MCF10A	drugB	1	2	48	1	169	262	100	c_6	t0_2	0.458809
MCF10A	drugB	1	2	48	3.162	119	262	100	c_6	t0_2	0.133358
MCF10A	drugB	1	2	48	10	101	262	100	c_6	t0_2	0.00718644
MCF10A	drugC	1	2	48	0.001	285	262	100	c_6	t0_2	1.12485
MCF10A	drugC	1	2	48	0.003162	328	262	100	c_6	t0_2	1.35097
MCF10A	drugC	1	2	48	0.01	292	262	100	c_6	t0_2	1.16228
MCF10A	drugC	1	2	48	0.03162	285	262	100	c_6	t0_2	1.12485
MCF10A	drugC	1	2	48	0.1	295	262	100	c_6	t0_2	1.17825
MCF10A	drugC	1	2	48	0.3162	182	262	100	c_6	t0_2	0.538722
MCF10A	drugC	1	2	48	1	173	262	100	c_6	t0_2	0.483575
MCF10A	drugC	1	2	48	3.162	155	262	100	c_6	t0_2	0.370793
MCF10A	drugC	1	2	48	10	158	262	100	c_6	t0_2	0.389835
MCF10A	drugD	1	2	48	0.001	245	262	100	c_6	t0_2	0.905737
MCF10A	drugD	1	2	48	0.003162	327	262	100	c_6	t0_2	1.34581
MCF10A	drugD	1	2	48	0.01	293	262	100	c_6	t0_2	1.16761
MCF10A	drugD	1	2	48	0.03162	245	262	100	c_6	t0_2	0.905737
MCF10A	drugD	1	2	48	0.1	209	262	100	c_6	t0_2	0.699781
MCF10A	drugD	1	2	48	0.3162	82	262	100	c_6	t0_2	-0.133086
MCF10A	drugD	1	2	48	1	64	262	100	c_6	t0_2	-0.2747
MCF10A	drugD	1	2	48	3.162	66	262	100	c_6	t0_2	-0.258459
MCF10A	drugD	1	2	48	10	65	262	100	c_6	t0_2	-0.266562
MCF10A	-	1	1	72	0	349	399	100	c_7	t0_2	NaN
MCF10A	-	1	1	72	0	461	399	100	c_7	t0_2	NaN
MCF10A	-	1	1	72	0	439	399	100	c_7	t0_2	NaN
MCF10A	-	1	1	72	0	397	399	100	c_7	t0_2	NaN
MCF10A	-	1	1	72	0	371	399	100	c_7	t0_2	NaN
MCF10A	-	1	1	72	0	391	399	100	c_7	t0_2	NaN
MCF10A	-	1	1	72	0	369	399	100	c_7	t0_2	NaN
MCF10A	-	1	1	72	0	457	399	100	c_7	t0_2	NaN
MCF10A	drugA	1	1	72	0.001	394	399	100	c_7	t0_2	0.987406
MCF10A	drugA	1	1	72	0.003162	457	399	100	c_7	t0_2	1.1407
MCF10A	drugA	1	1	72	0.01	423	399	100	c_7	t0_2	1.05938
MCF10A	drugA	1	1	72	0.03162	337	399	100	c_7	t0_2	0.837774
MCF10A	drugA	1	1	72	0.1	432	399	100	c_7	t0_2	1.08121
MCF10A	drugA	1	1	72	0.3162	402	399	100	c_7	t0_2	1.00752
MCF10A	drugA	1	1	72	1	321	399	100	c_7	t0_2	0.793538
MCF10A	drugA	1	1	72	3.162	165	399	100	c_7	t0_2	0.285105
MCF10A	drugA	1	1	72	10	115	399	100	c_7	t0_2	0.0725161
MCF10A	drugB	1	1	72	0.001	364	399	100	c_7	t0_2	0.910109
MCF10A	drugB	1	1	72	0.003162	373	399	100	c_7	t0_2	0.933622
MCF10A	drugB	1	1	72	0.01	367	399	100	c_7	t0_2	0.917979
MCF10A	drugB	1	1	72	0.03162	395	399	100	c_7	t0_2	0.989932
MCF10A	drugB	1	1	72	0.1	402	399	100	c_7	t0_2	1.00752
MCF10A	drugB	1	1	72	0.3162	461	399	100	c_7	t0_2	1.15006
MCF10A	drugB	1	1	72	1	298	399	100	c_7	t0_2	0.727973
MCF10A	drugB	1	1	72	3.162	99	399	100	c_7	t0_2	-0.00502161
MCF10A	drugB	1	1	72	10	77	399	100	c_7	t0_2	-0.122711
MCF10A	drugC	1	1	72	0.001	404	399	100	c_7	t0_2	1.01251
MCF10A	drugC	1	1	72	0.003162	435	399	100	c_7	t0_2	1.08844
MCF10A	drugC	1	1	72	0.01	431	399	100	c_7	t0_2	1.0788
MCF10A	drugC	1	1	72	0.03162	420	399	100	c_7	t0_2	1.05205
MCF10A	drugC	1	1	72	0.1	384	399	100	c_7	t0_2	0.961978
MCF10A	drugC	1	1	72	0.3162	217	399	100	c_7	t0_2	0.474125
MCF10A	drugC	1	1	72	1	232	399	100	c_7	t0_2	0.524314
MCF10A	drugC	1	1	72	3.162	218	399	100	c_7	t0_2	0.477523
MCF10A	drugC	1	1	72	10	162	399	100	c_7	t0_2	0.273348
MCF10A	drugD	1	1	72	0.001	358	399	100	c_7	t0_2	0.894273
MCF10A	drugD	1	1	72	0.003162	485	399	100	c_7	t0_2	1.20542
MCF10A	drugD	1	1	72	0.01	376	399	100	c_7	t0_2	0.941396
MCF10A	drugD	1	1	72	0.03162	326	399	100	c_7	t0_2	0.807478
MCF10A	drugD	1	1	72	0.1	248	399	100	c_7	t0_2	0.576096
MCF10A	drugD	1	1	72	0.3162	111	399	100	c_7	t0_2	0.0536648
MCF10A	drugD	1	1	72	1	61	399	100	c_7	t0_2	-0.219324
MCF10A	drugD	1	1	72	3.162	44	399	100	c_7	t0_2	-0.337167
MCF10A	drugD	1	1	72	10	49	399	100	c_7	t0_2	-0.300451
MCF10A	-	1	2	72	0	483	455	100	c_8	t0_2	NaN
MCF10A	-	1	2	72	0	453	455	100	c_8	t0_2	NaN
MCF10A	-	1	2	72	0	400	455	100	c_8	t0_2	NaN
MCF10A	-	1	2	72	0	498	455	100	c_8	t0_2	NaN
MCF10A	-	1	2	72	0	356	455	100	c_8	t0_2	NaN
MCF10A	-	1	2	72	0	449	455	100	c_8	t0_2	NaN
MCF10A	-	1	2	72	0	435	455	100	c_8	t0_2	NaN
MCF10A	-	1	2	72	0	503	455	100	c_8	t0_2	NaN
MCF10A	drugA	1	2	72	0.001	470	455	100	c_8	t0_2	1.0299
MCF10A	drugA	1	2	72	0.003162	464	455	100	c_8	t0_2	1.018
MCF10A	drugA	1	2	72	0.01	463	455	100	c_8	t0_2	1.01601
MCF10A	drugA	1	2	72	0.03162	446	455	100	c_8	t0_2	0.981804
MCF10A	drugA	1	2	72	0.1	447	455	100	c_8	t0_2	0.983835
MCF10A	drugA	1	2	72	0.3162	446	455	100	c_8	t0_2	0.981804
MCF10A	drugA	1	2	72	1	278	455	100	c_8	t0_2	0.596407
MCF10A	drugA	1	2	72	3.162	182	455	100	c_8	t0_2	0.31516
MCF10A	drugA	1	2	72	10	114	455	100	c_8	t0_2	0.0617764
MCF10A	drugB	1	2	72	0.001	479	455	100	c_8	t0_2	1.04759
MCF10A	drugB	1	2	72	0.003162	459	455	100	c_8	t0_2	1.00802
MCF10A	drugB	1	2	72	0.01	481	455	100	c_8	t0_2	1.0515
MCF10A	drugB	1	2	72	0.03162	359	455	100	c_8	t0_2	0.794515
MCF10A	drugB	1	2	72	0.1	362	455	100	c_8	t0_2	0.80136
MCF10A	drugB	1	2	72	0.3162	430	455	100	c_8	t0_2	0.948956
MCF10A	drugB	1	2	72	1	288	455	100	c_8	t0_2	0.622426
MCF10A	drugB	1	2	72	3.162	94	455	100	c_8	t0_2	-0.0279101
MCF10A	drugB	1	2	72	10	77	455	100	c_8	t0_2	-0.112698
MCF10A	drugC	1	2	72	0.001	402	455	100	c_8	t0_2	0.889836
MCF10A	drugC	1	2	72	0.003162	431	455	100	c_8	t0_2	0.951028
MCF10A	drugC	1	2	72	0.01	475	455	100	c_8	t0_2	1.03975
MCF10A	drugC	1	2	72	0.03162	453	455	100	c_8	t0_2	0.995973
MCF10A	drugC	1	2	72	0.1	437	455	100	c_8	t0_2	0.963407
MCF10A	drugC	1	2	72	0.3162	263	455	100	c_8	t0_2	0.556407
MCF10A	drugC	1	2	72	1	185	455	100	c_8	t0_2	0.325034
MCF10A	drugC	1	2	72	3.162	229	455	100	c_8	t0_2	0.460895
MCF10A	drugC	1	2	72	10	173	455	100	c_8	t0_2	0.284998
MCF10A	drugD	1	2	72	0.001	400	455	100	c_8	t0_2	0.885528
MCF10A	drugD	1	2	72	0.003162	358	455	100	c_8	t0_2	0.792226
MCF10A	drugD	1	2	72	0.01	452	455	100	c_8	t0_2	0.993956
MCF10A	drugD	1	2	72	0.03162	342	455	100	c_8	t0_2	0.755127
MCF10A	drugD	1	2	72	0.1	250	455	100	c_8	t0_2	0.520727
MCF10A	drugD	1	2	72	0.3162	101	455	100	c_8	t0_2	0.0045625
MCF10A	drugD	1	2	72	1	58	455	100	c_8	t0_2	-0.220579
MCF10A	drugD	1	2	72	3.162	52	455	100	c_8	t0_2	-0.25856
MCF10A	drugD	1	2	72	10	45	455	100	c_8	t0_2	-0.306015
MCF7	-	0	NaN	0	0	137	NaN	149	c_8	t0_3	NaN
MCF7	-	0	NaN	0	0	195	NaN	149	c_8	t0_3	NaN
MCF7	-	0	NaN	0	0	118	NaN	149	c_8	t0_3	NaN
MCF7	-	0	NaN	0	0	142	NaN	149	c_8	t0_3	NaN
MCF7	-	0	NaN	0	0	127	NaN	149	c_8	t0_3	NaN
MCF7	-	0	NaN	0	0	116	NaN	149	c_8	t0_3	NaN
MCF7	-	0	NaN	0	0	198	NaN	149	c_8	t0_3	NaN
MCF7	-	0	NaN	0	0	161	NaN	149	c_8	t0_3	NaN
MCF7	-	0	NaN	0	0	113	NaN	149	c_8	t0_3	NaN
MCF7	-	0	NaN	0	0	199	NaN	149	c_8	t0_3	NaN
MCF7	-	0	NaN	0	0	198	NaN	149	c_8	t0_3	NaN
MCF7	-	0	NaN	0	0	214	NaN	149	c_8	t0_3	NaN
MCF7	-	0	NaN	0	0	119	NaN	149	c_8	t0_3	NaN
MCF7	-	0	NaN	0	0	150	NaN	149	c_8	t0_3	NaN
MCF7	-	0	NaN	0	0	110	NaN	149	c_8	t0_3	NaN
MCF7	-	0	NaN	0	0	182	NaN	149	c_8	t0_3	NaN
MCF7	-	0	NaN	0	0	103	NaN	149	c_8	t0_3	NaN
MCF7	-	0	NaN	0	0	190	NaN	149	c_8	t0_3	NaN
MCF7	-	0	NaN	0	0	135	NaN	149	c_8	t0_3	NaN
MCF7	-	0	NaN	0	0	152	NaN	149	c_8	t0_3	NaN
MCF7	-	0	1	48	0	308	321	149	c_9	t0_3	NaN
MCF7	-	0	1	48	0	328	321	149	c_9	t0_3	NaN
MCF7	-	0	1	48	0	283	321	149	c_9	t0_3	NaN
MCF7	-	0	1	48	0	335	321	149	c_9	t0_3	NaN
MCF7	-	0	1	48	0	289	321	149	c_9	t0_3	NaN
MCF7	-	0	1	48	0	378	321	149	c_9	t0_3	NaN
MCF7	-	0	1	48	0	316	321	149	c_9	t0_3	NaN
MCF7	-	0	1	48	0	381	321	149	c_9	t0_3	NaN
MCF7	drugA	0	1	48	0.001	349	321	149	c_9	t0_3	1.15691
MCF7	drugA	0	1	48	0.003162	312	321	149	c_9	t0_3	0.949288
MCF7	drugA	0	1	48	0.01	290	321	149	c_9	t0_3	0.824717
MCF7	drugA	0	1	48	0.03162	249	321	149	c_9	t0_3	0.590046
MCF7	drugA	0	1	48	0.1	197	321	149	c_9	t0_3	0.286861
MCF7	drugA	0	1	48	0.3162	176	321	149	c_9	t0_3	0.162305
MCF7	drugA	0	1	48	1	163	321	149	c_9	t0_3	0.0844843
MCF7	drugA	0	1	48	3.162	131	321	149	c_9	t0_3	-0.109771
MCF7	drugA	0	1	48	10	124	321	149	c_9	t0_3	-0.152846
MCF7	drugB	0	1	48	0.001	303	321	149	c_9	t0_3	0.898434
MCF7	drugB	0	1	48	0.003162	328	321	149	c_9	t0_3	1.03935
MCF7	drugB	0	1	48	0.01	318	321	149	c_9	t0_3	0.983111
MCF7	drugB	0	1	48	0.03162	269	321	149	c_9	t0_3	0.704953
MCF7	drugB	0	1	48	0.1	297	321	149	c_9	t0_3	0.86445
MCF7	drugB	0	1	48	0.3162	279	321	149	c_9	t0_3	0.762092
MCF7	drugB	0	1	48	1	238	321	149	c_9	t0_3	0.526469
MCF7	drugB	0	1	48	3.162	194	321	149	c_9	t0_3	0.269149
MCF7	drugB	0	1	48	10	198	321	149	c_9	t0_3	0.292759
MCF7	drugC	0	1	48	0.001	351	321	149	c_9	t0_3	1.16807
MCF7	drugC	0	1	48	0.003162	266	321	149	c_9	t0_3	0.687771
MCF7	drugC	0	1	48	0.01	266	321	149	c_9	t0_3	0.687771
MCF7	drugC	0	1	48	0.03162	341	321	149	c_9	t0_3	1.11221
MCF7	drugC	0	1	48	0.1	353	321	149	c_9	t0_3	1.17922
MCF7	drugC	0	1	48	0.3162	270	321	149	c_9	t0_3	0.710676
MCF7	drugC	0	1	48	1	235	321	149	c_9	t0_3	0.509082
MCF7	drugC	0	1	48	3.162	173	321	149	c_9	t0_3	0.144397
MCF7	drugC	0	1	48	10	164	321	149	c_9	t0_3	0.0904913
MCF7	drugD	0	1	48	0.001	349	321	149	c_9	t0_3	1.15691
MCF7	drugD	0	1	48	0.003162	348	321	149	c_9	t0_3	1.15133
MCF7	drugD	0	1	48	0.01	312	321	149	c_9	t0_3	0.949288
MCF7	drugD	0	1	48	0.03162	311	321	149	c_9	t0_3	0.943644
MCF7	drugD	0	1	48	0.1	269	321	149	c_9	t0_3	0.704953
MCF7	drugD	0	1	48	0.3162	247	321	149	c_9	t0_3	0.578507
MCF7	drugD	0	1	48	1	207	321	149	c_9	t0_3	0.345713
MCF7	drugD	0	1	48	3.162	226	321	149	c_9	t0_3	0.456787
MCF7	drugD	0	1	48	10	217	321	149	c_9	t0_3	0.404291
MCF7	-	0	2	48	0	312	330	149	c_10	t0_3	NaN
MCF7	-	0	2	48	0	326	330	149	c_10	t0_3	NaN
MCF7	-	0	2	48	0	400	330	149	c_10	t0_3	NaN
MCF7	-	0	2	48	0	376	330	149	c_10	t0_3	NaN
MCF7	-	0	2	48	0	405	330	149	c_10	t0_3	NaN
MCF7	-	0	2	48	0	281	330	149	c_10	t0_3	NaN
MCF7	-	0	2	48	0	281	330	149	c_10	t0_3	NaN
MCF7	-	0	2	48	0	308	330	149	c_10	t0_3	NaN
MCF7	drugA	0	2	48	0.001	278	330	149	c_10	t0_3	0.722319
MCF7	drugA	0	2	48	0.003162	363	330	149	c_10	t0_3	1.17327
MCF7	drugA	0	2	48	0.01	300	330	149	c_10	t0_3	0.840548
MCF7	drugA	0	2	48	0.03162	230	330	149	c_10	t0_3	0.46001
MCF7	drugA	0	2	48	0.1	230	330	149	c_10	t0_3	0.46001
MCF7	drugA	0	2	48	0.3162	202	330	149	c_10	t0_3	0.303801
MCF7	drugA	0	2	48	1	178	330	149	c_10	t0_3	0.167687
MCF7	drugA	0	2	48	3.162	146	330	149	c_10	t0_3	-0.0175743
MCF7	drugA	0	2	48	10	142	330	149	c_10	t0_3	-0.0410791
MCF7	drugB	0	2	48	0.001	389	330	149	c_10	t0_3	1.30835
MCF7	drugB	0	2	48	0.003162	381	330	149	c_10	t0_3	1.26691
MCF7	drugB	0	2	48	0.01	277	330	149	c_10	t0_3	0.716917
MCF7	drugB	0	2	48	0.03162	338	330	149	c_10	t0_3	1.0422
MCF7	drugB	0	2	48	0.1	281	330	149	c_10	t0_3	0.73851
MCF7	drugB	0	2	48	0.3162	331	330	149	c_10	t0_3	1.00528
MCF7	drugB	0	2	48	1	230	330	149	c_10	t0_3	0.46001
MCF7	drugB	0	2	48	3.162	172	330	149	c_10	t0_3	0.133301
MCF7	drugB	0	2	48	10	190	330	149	c_10	t0_3	0.23602
MCF7	drugC	0	2	48	0.001	336	330	149	c_10	t0_3	1.03166
MCF7	drugC	0	2	48	0.003162	347	330	149	c_10	t0_3	1.08952
MCF7	drugC	0	2	48	0.01	308	330	149	c_10	t0_3	0.88326
MCF7	drugC	0	2	48	0.03162	333	330	149	c_10	t0_3	1.01584
MCF7	drugC	0	2	48	0.1	308	330	149	c_10	t0_3	0.88326
MCF7	drugC	0	2	48	0.3162	337	330	149	c_10	t0_3	1.03693
MCF7	drugC	0	2	48	1	266	330	149	c_10	t0_3	0.657328
MCF7	drugC	0	2	48	3.162	194	330	149	c_10	t0_3	0.258673
MCF7	drugC	0	2	48	10	177	330	149	c_10	t0_3	0.161966
MCF7	drugD	0	2	48	0.001	388	330	149	c_10	t0_3	1.30318
MCF7	drugD	0	2	48	0.003162	362	330	149	c_10	t0_3	1.16805
MCF7	drugD	0	2	48	0.01	376	330	149	c_10	t0_3	1.24096
MCF7	drugD	0	2	48	0.03162	305	330	149	c_10	t0_3	0.86726
MCF7	drugD	0	2	48	0.1	229	330	149	c_10	t0_3	0.454475
MCF7	drugD	0	2	48	0.3162	255	330	149	c_10	t0_3	0.597423
MCF7	drugD	0	2	48	1	208	330	149	c_10	t0_3	0.337496
MCF7	drugD	0	2	48	3.162	227	330	149	c_10	t0_3	0.443396
MCF7	drugD	0	2	48	10	209	330	149	c_10	t0_3	0.3431
MCF7	-	0	1	72	0	485	485	149	c_11	t0_3	NaN
MCF7	-	0	1	72	0	516	485	149	c_11	t0_3	NaN
MCF7	-	0	1	72	0	504	485	149	c_11	t0_3	NaN
MCF7	-	0	1	72	0	470	485	149	c_11	t0_3	NaN
MCF7	-	0	1	72	0	453	485	149	c_11	t0_3	NaN
MCF7	-	0	1	72	0	484	485	149	c_11	t0_3	NaN
MCF7	-	0	1	72	0	414	485	149	c_11	t0_3	NaN
MCF7	-	0	1	72	0	533	485	149	c_11	t0_3	NaN
MCF7	drugA	0	1	72	0.001	455	485	149	c_11	t0_3	0.926387
MCF7	drugA	0	1	72	0.003162	495	485	149	c_11	t0_3	1.02412
MCF7	drugA	0	1	72	0.01	391	485	149	c_11	t0_3	0.762293
MCF7	drugA	0	1	72	0.03162	349	485	149	c_11	t0_3	0.648517
MCF7	drugA	0	1	72	0.1	288	485	149	c_11	t0_3	0.472626
MCF7	drugA	0	1	72	0.3162	192	485	149	c_11	t0_3	0.160571
MCF7	drugA	0	1	72	1	173	485	149	c_11	t0_3	0.091674
MCF7	drugA	0	1	72	3.162	156	485	149	c_11	t0_3	0.0273301
MCF7	drugA	0	1	72	10	145	485	149	c_11	t0_3	-0.0158552
MCF7	drugB	0	1	72	0.001	390	485	149	c_11	t0_3	0.759645
MCF7	drugB	0	1	72	0.003162	453	485	149	c_11	t0_3	0.92141
MCF7	drugB	0	1	72	0.01	473	485	149	c_11	t0_3	0.970787
MCF7	drugB	0	1	72	0.03162	451	485	149	c_11	t0_3	0.916423
MCF7	drugB	0	1	72	0.1	414	485	149	c_11	t0_3	0.822457
MCF7	drugB	0	1	72	0.3162	405	485	149	c_11	t0_3	0.799083
MCF7	drugB	0	1	72	1	318	485	149	c_11	t0_3	0.560871
MCF7	drugB	0	1	72	3.162	226	485	149	c_11	t0_3	0.277197
MCF7	drugB	0	1	72	10	212	485	149	c_11	t0_3	0.230118
MCF7	drugC	0	1	72	0.001	418	485	149	c_11	t0_3	0.832778
MCF7	drugC	0	1	72	0.003162	477	485	149	c_11	t0_3	0.980558
MCF7	drugC	0	1	72	0.01	514	485	149	c_11	t0_3	1.06939
MCF7	drugC	0	1	72	0.03162	563	485	149	c_11	t0_3	1.18307
MCF7	drugC	0	1	72	0.1	435	485	149	c_11	t0_3	0.876195
MCF7	drugC	0	1	72	0.3162	509	485	149	c_11	t0_3	1.05755
MCF7	drugC	0	1	72	1	352	485	149	c_11	t0_3	0.656825
MCF7	drugC	0	1	72	3.162	204	485	149	c_11	t0_3	0.202639
MCF7	drugC	0	1	72	10	231	485	149	c_11	t0_3	0.293717
MCF7	drugD	0	1	72	0.001	471	485	149	c_11	t0_3	0.965889
MCF7	drugD	0	1	72	0.003162	483	485	149	c_11	t0_3	0.995152
MCF7	drugD	0	1	72	0.01	545	485	149	c_11	t0_3	1.14181
MCF7	drugD	0	1	72	0.03162	470	485	149	c_11	t0_3	0.963436
MCF7	drugD	0	1	72	0.1	326	485	149	c_11	t0_3	0.583815
MCF7	drugD	0	1	72	0.3162	285	485	149	c_11	t0_3	0.463597
MCF7	drugD	0	1	72	1	260	485	149	c_11	t0_3	0.38677
MCF7	drugD	0	1	72	3.162	222	485	149	c_11	t0_3	0.263871
MCF7	drugD	0	1	72	10	261	485	149	c_11	t0_3	0.3899
MCF7	-	0	2	72	0	380	434	149	c_12	t0_3	NaN
MCF7	-	0	2	72	0	452	434	149	c_12	t0_3	NaN
MCF7	-	0	2	72	0	482	434	149	c_12	t0_3	NaN
MCF7	-	0	2	72	0	490	434	149	c_12	t0_3	NaN
MCF7	-	0	2	72	0	420	434	149	c_12	t0_3	NaN
MCF7	-	0	2	72	0	414	434	149	c_12	t0_3	NaN
MCF7	-	0	2	72	0	395	434	149	c_12	t0_3	NaN
MCF7	-	0	2	72	0	452	434	149	c_12	t0_3	NaN
MCF7	drugA	0	2	72	0.001	459	434	149	c_12	t0_3	1.07396
MCF7	drugA	0	2	72	0.003162	420	434	149	c_12	t0_3	0.95793
MCF7	drugA	0	2	72	0.01	435	434	149	c_12	t0_3	1.00299
MCF7	drugA	0	2	72	0.03162	386	434	149	c_12	t0_3	0.853649
MCF7	drugA	0	2	72	0.1	273	434	149	c_12	t0_3	0.480813
MCF7	drugA	0	2	72	0.3162	194	434	149	c_12	t0_3	0.186617
MCF7	drugA	0	2	72	1	162	434	149	c_12	t0_3	0.0557319
MCF7	drugA	0	2	72	3.162	154	434	149	c_12	t0_3	0.0216302
MCF7	drugA	0	2	72	10	139	434	149	c_12	t0_3	-0.0440429
MCF7	drugB	0	2	72	0.001	454	434	149	c_12	t0_3	1.05928
MCF7	drugB	0	2	72	0.003162	442	434	149	c_12	t0_3	1.02383
MCF7	drugB	0	2	72	0.01	514	434	149	c_12	t0_3	1.23186
MCF7	drugB	0	2	72	0.03162	493	434	149	c_12	t0_3	1.1723
MCF7	drugB	0	2	72	0.1	489	434	149	c_12	t0_3	1.16086
MCF7	drugB	0	2	72	0.3162	424	434	149	c_12	t0_3	0.97
MCF7	drugB	0	2	72	1	314	434	149	c_12	t0_3	0.62143
MCF7	drugB	0	2	72	3.162	268	434	149	c_12	t0_3	0.463172
MCF7	drugB	0	2	72	10	192	434	149	c_12	t0_3	0.178671
MCF7	drugC	0	2	72	0.001	525	434	149	c_12	t0_3	1.26271
MCF7	drugC	0	2	72	0.003162	495	434	149	c_12	t0_3	1.17801
MCF7	drugC	0	2	72	0.01	510	434	149	c_12	t0_3	1.22058
MCF7	drugC	0	2	72	0.03162	488	434	149	c_12	t0_3	1.15799
MCF7	drugC	0	2	72	0.1	436	434	149	c_12	t0_3	1.00597
MCF7	drugC	0	2	72	0.3162	534	434	149	c_12	t0_3	1.28778
MCF7	drugC	0	2	72	1	341	434	149	c_12	t0_3	0.710508
MCF7	drugC	0	2	72	3.162	183	434	149	c_12	t0_3	0.142548
MCF7	drugC	0	2	72	10	228	434	149	c_12	t0_3	0.317593
MCF7	drugD	0	2	72	0.001	507	434	149	c_12	t0_3	1.2121
MCF7	drugD	0	2	72	0.003162	453	434	149	c_12	t0_3	1.05634
MCF7	drugD	0	2	72	0.01	455	434	149	c_12	t0_3	1.06222
MCF7	drugD	0	2	72	0.03162	417	434	149	c_12	t0_3	0.948852
MCF7	drugD	0	2	72	0.1	352	434	149	c_12	t0_3	0.746082
MCF7	drugD	0	2	72	0.3162	278	434	149	c_12	t0_3	0.49834
MCF7	drugD	0	2	72	1	269	434	149	c_12	t0_3	0.466709
MCF7	drugD	0	2	72	3.162	273	434	149	c_12	t0_3	0.480813
MCF7	drugD	0	2	72	10	236	434	149	c_12	t0_3	0.347385
MCF7	-	1	NaN	0	0	183	NaN	152	c_12	t0_4	NaN
MCF7	-	1	NaN	0	0	152	NaN	152	c_12	t0_4	NaN
MCF7	-	1	NaN	0	0	152	NaN	152	c_12	t0_4	NaN
MCF7	-	1	NaN	0	0	100	NaN	152	c_12	t0_4	NaN
MCF7	-	1	NaN	0	0	224	NaN	152	c_12	t0_4	NaN
MCF7	-	1	NaN	0	0	112	NaN	152	c_12	t0_4	NaN
MCF7	-	1	NaN	0	0	110	NaN	152	c_12	t0_4	NaN
MCF7	-	1	NaN	0	0	185	NaN	152	c_12	t0_4	NaN
MCF7	-	1	NaN	0	0	225	NaN	152	c_12	t0_4	NaN
MCF7	-	1	NaN	0	0	161	NaN	152	c_12	t0_4	NaN
MCF7	-	1	NaN	0	0	131	NaN	152	c_12	t0_4	NaN
MCF7	-	1	NaN	0	0	172	NaN	152	c_12	t0_4	NaN
MCF7	-	1	NaN	0	0	159	NaN	152	c_12	t0_4	NaN
MCF7	-	1	NaN	0	0	204	NaN	152	c_12	t0_4	NaN
MCF7	-	1	NaN	0	0	159	NaN	152	c_12	t0_4	NaN
MCF7	-	1	NaN	0	0	151	NaN	152	c_12	t0_4	NaN
MCF7	-	1	NaN	0	0	100	NaN	152	c_12	t0_4	NaN
MCF7	-	1	NaN	0	0	114	NaN	152	c_12	t0_4	NaN
MCF7	-	1	NaN	0	0	100	NaN	152	c_12	t0_4	NaN
MCF7	-	1	NaN	0	0	170	NaN	152	c_12	t0_4	NaN
MCF7	-	1	1	48	0	294	304	152	c_13	t0_4	NaN
MCF7	-	1	1	48	0	279	304	152	c_13	t0_4	NaN
MCF7	-	1	1	48	0	254	304	152	c_13	t0_4	NaN
MCF7	-	1	1	48	0	330	304	152	c_13	t0_4	NaN
MCF7	-	1	1	48	0	314	304	152	c_13	t0_4	NaN
MCF7	-	1	1	48	0	325	304	152	c_13	t0_4	NaN
MCF7	-	1	1	48	0	316	304	152	c_13	t0_4	NaN
MCF7	-	1	1	48	0	294	304	152	c_13	t0_4	NaN
MCF7	drugA	1	1	48	0.001	278	304	152	c_13	t0_4	0.828947
MCF7	drugA	1	1	48	0.003162	324	304	152	c_13	t0_4	1.13158
MCF7	drugA	1	1	48	0.01	283	304	152	c_13	t0_4	0.861842
MCF7	drugA	1	1	48	0.03162	261	304	152	c_13	t0_4	0.717105
MCF7	drugA	1	1	48	0.1	244	304	152	c_13	t0_4	0.605263
MCF7	drugA	1	1	48	0.3162	168	304	152	c_13	t0_4	0.105263
MCF7	drugA	1	1	48	1	188	304	152	c_13	t0_4	0.236842
MCF7	drugA	1	1	48	3.162	132	304	152	c_13	t0_4	-0.131579
MCF7	drugA	1	1	48	10	160	304	152	c_13	t0_4	0.0526316
MCF7	drugB	1	1	48	0.001	313	304	152	c_13	t0_4	1.05921
MCF7	drugB	1	1	48	0.003162	296	304	152	c_13	t0_4	0.947368
MCF7	drugB	1	1	48	0.01	290	304	152	c_13	t0_4	0.907895
MCF7	drugB	1	1	48	0.03162	265	304	152	c_13	t0_4	0.743421
MCF7	drugB	1	1	48	0.1	328	304	152	c_13	t0_4	1.15789
MCF7	drugB	1	1	48	0.3162	319	304	152	c_13	t0_4	1.09868
MCF7	drugB	1	1	48	1	230	304	152	c_13	t0_4	0.513158
MCF7	drugB	1	1	48	3.162	197	304	152	c_13	t0_4	0.296053
MCF7	drugB	1	1	48	10	209	304	152	c_13	t0_4	0.375
MCF7	drugC	1	1	48	0.001	317	304	152	c_13	t0_4	1.08553
MCF7	drugC	1	1	48	0.003162	306	304	152	c_13	t0_4	1.01316
MCF7	drugC	1	1	48	0.01	291	304	152	c_13	t0_4	0.914474
MCF7	drugC	1	1	48	0.03162	293	304	152	c_13	t0_4	0.927632
MCF7	drugC	1	1	48	0.1	348	304	152	c_13	t0_4	1.28947
MCF7	drugC	1	1	48	0.3162	345	304	152	c_13	t0_4	1.26974
MCF7	drugC	1	1	48	1	268	304	152	c_13	t0_4	0.763158
MCF7	drugC	1	1	48	3.162	157	304	152	c_13	t0_4	0.0328947
MCF7	drugC	1	1	48	10	182	304	152	c_13	t0_4	0.197368
MCF7	drugD	1	1	48	0.001	254	304	152	c_13	t0_4	0.671053
MCF7	drugD	1	1	48	0.003162	282	304	152	c_13	t0_4	0.855263
MCF7	drugD	1	1	48	0.01	291	304	152	c_13	t0_4	0.914474
MCF7	drugD	1	1	48	0.03162	318	304	152	c_13	t0_4	1.09211
MCF7	drugD	1	1	48	0.1	253	304	152	c_13	t0_4	0.664474
MCF7	drugD	1	1	48	0.3162	227	304	152	c_13	t0_4	0.493421
MCF7	drugD	1	1	48	1	187	304	152	c_13	t0_4	0.230263
MCF7	drugD	1	1	48	3.162	177	304	152	c_13	t0_4	0.164474
MCF7	drugD	1	1	48	10	255	304	152	c_13	t0_4	0.677632
MCF7	-	1	2	48	0	354	328	152	c_14	t0_4	NaN
MCF7	-	1	2	48	0	361	328	152	c_14	t0_4	NaN
MCF7	-	1	2	48	0	303	328	152	c_14	t0_4	NaN
MCF7	-	1	2	48	0	336	328	152	c_14	t0_4	NaN
MCF7	-	1	2	48	0	314	328	152	c_14	t0_4	NaN
MCF7	-	1	2	48	0	347	328	152	c_14	t0_4	NaN
MCF7	-	1	2	48	0	317	328	152	c_14	t0_4	NaN
MCF7	-	1	2	48	0	295	328	152	c_14	t0_4	NaN
MCF7	drugA	1	2	48	0.001	332	328	152	c_14	t0_4	1.02197
MCF7	drugA	1	2	48	0.003162	357	328	152	c_14	t0_4	1.15869
MCF7	drugA	1	2	48	0.01	294	328	152	c_14	t0_4	0.81217
MCF7	drugA	1	2	48	0.03162	310	328	152	c_14	t0_4	0.900813
MCF7	drugA	1	2	48	0.1	234	328	152	c_14	t0_4	0.475234
MCF7	drugA	1	2	48	0.3162	185	328	152	c_14	t0_4	0.193708
MCF7	drugA	1	2	48	1	186	328	152	c_14	t0_4	0.199522
MCF7	drugA	1	2	48	3.162	162	328	152	c_14	t0_4	0.0591017
MCF7	drugA	1	2	48	10	127	328	152	c_14	t0_4	-0.149508
MCF7	drugB	1	2	48	0.001	311	328	152	c_14	t0_4	0.906338
MCF7	drugB	1	2	48	0.003162	357	328	152	c_14	t0_4	1.15869
MCF7	drugB	1	2	48	0.01	359	328	152	c_14	t0_4	1.16958
MCF7	drugB	1	2	48	0.03162	307	328	152	c_14	t0_4	0.884228
MCF7	drugB	1	2	48	0.1	317	328	152	c_14	t0_4	0.939452
MCF7	drugB	1	2	48	0.3162	264	328	152	c_14	t0_4	0.64465
MCF7	drugB	1	2	48	1	266	328	152	c_14	t0_4	0.655874
MCF7	drugB	1	2	48	3.162	248	328	152	c_14	t0_4	0.554546
MCF7	drugB	1	2	48	10	155	328	152	c_14	t0_4	0.0177697
MCF7	drugC	1	2	48	0.001	351	328	152	c_14	t0_4	1.12596
MCF7	drugC	1	2	48	0.003162	390	328	152	c_14	t0_4	1.33772
MCF7	drugC	1	2	48	0.01	321	328	152	c_14	t0_4	0.961493
MCF7	drugC	1	2	48	0.03162	381	328	152	c_14	t0_4	1.28905
MCF7	drugC	1	2	48	0.1	397	328	152	c_14	t0_4	1.3755
MCF7	drugC	1	2	48	0.3162	313	328	152	c_14	t0_4	0.917383
MCF7	drugC	1	2	48	1	334	328	152	c_14	t0_4	1.03294
MCF7	drugC	1	2	48	3.162	200	328	152	c_14	t0_4	0.280594
MCF7	drugC	1	2	48	10	162	328	152	c_14	t0_4	0.0591017
MCF7	drugD	1	2	48	0.001	340	328	152	c_14	t0_4	1.06582
MCF7	drugD	1	2	48	0.003162	371	328	152	c_14	t0_4	1.23483
MCF7	drugD	1	2	48	0.01	307	328	152	c_14	t0_4	0.884228
MCF7	drugD	1	2	48	0.03162	293	328	152	c_14	t0_4	0.806614
MCF7	drugD	1	2	48	0.1	336	328	152	c_14	t0_4	1.04391
MCF7	drugD	1	2	48	0.3162	246	328	152	c_14	t0_4	0.543244
MCF7	drugD	1	2	48	1	227	328	152	c_14	t0_4	0.435404
MCF7	drugD	1	2	48	3.162	212	328	152	c_14	t0_4	0.349638
MCF7	drugD	1	2	48	10	211	328	152	c_14	t0_4	0.343899
MCF7	-	1	1	72	0	492	495	152	c_15	t0_4	NaN
MCF7	-	1	1	72	0	521	495	152	c_15	t0_4	NaN
MCF7	-	1	1	72	0	458	495	152	c_15	t0_4	NaN
MCF7	-	1	1	72	0	572	495	152	c_15	t0_4	NaN
MCF7	-	1	1	72	0	459	495	152	c_15	t0_4	NaN
MCF7	-	1	1	72	0	515	495	152	c_15	t0_4	NaN
MCF7	-	1	1	72	0	516	495	152	c_15	t0_4	NaN
MCF7	-	1	1	72	0	452	495	152	c_15	t0_4	NaN
MCF7	drugA	1	1	72	0.001	448	495	152	c_15	t0_4	0.886226
MCF7	drugA	1	1	72	0.003162	462	495	152	c_15	t0_4	0.920611
MCF7	drugA	1	1	72	0.01	419	495	152	c_15	t0_4	0.813556
MCF7	drugA	1	1	72	0.03162	366	495	152	c_15	t0_4	0.675136
MCF7	drugA	1	1	72	0.1	286	495	152	c_15	t0_4	0.449324
MCF7	drugA	1	1	72	0.3162	214	495	152	c_15	t0_4	0.222424
MCF7	drugA	1	1	72	1	157	495	152	c_15	t0_4	0.0191825
MCF7	drugA	1	1	72	3.162	147	495	152	c_15	t0_4	-0.0194449
MCF7	drugA	1	1	72	10	155	495	152	c_15	t0_4	0.0115402
MCF7	drugB	1	1	72	0.001	403	495	152	c_15	t0_4	0.772573
MCF7	drugB	1	1	72	0.003162	453	495	152	c_15	t0_4	0.898556
MCF7	drugB	1	1	72	0.01	427	495	152	c_15	t0_4	0.833804
MCF7	drugB	1	1	72	0.03162	426	495	152	c_15	t0_4	0.831282
MCF7	drugB	1	1	72	0.1	504	495	152	c_15	t0_4	1.02127
MCF7	drugB	1	1	72	0.3162	349	495	152	c_15	t0_4	0.62901
MCF7	drugB	1	1	72	1	343	495	152	c_15	t0_4	0.61251
MCF7	drugB	1	1	72	3.162	259	495	152	c_15	t0_4	0.367358
MCF7	drugB	1	1	72	10	176	495	152	c_15	t0_4	0.0898798
MCF7	drugC	1	1	72	0.001	425	495	152	c_15	t0_4	0.828757
MCF7	drugC	1	1	72	0.003162	416	495	152	c_15	t0_4	0.805921
MCF7	drugC	1	1	72	0.01	471	495	152	c_15	t0_4	0.942488
MCF7	drugC	1	1	72	0.03162	481	495	152	c_15	t0_4	0.966595
MCF7	drugC	1	1	72	0.1	508	495	152	c_15	t0_4	1.03067
MCF7	drugC	1	1	72	0.3162	469	495	152	c_15	t0_4	0.937641
MCF7	drugC	1	1	72	1	352	495	152	c_15	t0_4	0.637216
MCF7	drugC	1	1	72	3.162	223	495	152	c_15	t0_4	0.252349
MCF7	drugC	1	1	72	10	228	495	152	c_15	t0_4	0.268758
MCF7	drugD	1	1	72	0.001	505	495	152	c_15	t0_4	1.02362
MCF7	drugD	1	1	72	0.003162	438	495	152	c_15	t0_4	0.861393
MCF7	drugD	1	1	72	0.01	484	495	152	c_15	t0_4	0.973787
MCF7	drugD	1	1	72	0.03162	523	495	152	c_15	t0_4	1.06566
MCF7	drugD	1	1	72	0.1	375	495	152	c_15	t0_4	0.699198
MCF7	drugD	1	1	72	0.3162	287	495	152	c_15	t0_4	0.452297
MCF7	drugD	1	1	72	1	287	495	152	c_15	t0_4	0.452297
MCF7	drugD	1	1	72	3.162	250	495	152	c_15	t0_4	0.33926
MCF7	drugD	1	1	72	10	269	495	152	c_15	t0_4	0.39811
MCF7	-	1	2	72	0	516	468	152	c_16	t0_4	NaN
MCF7	-	1	2	72	0	427	468	152	c_16	t0_4	NaN
MCF7	-	1	2	72	0	526	468	152	c_16	t0_4	NaN
MCF7	-	1	2	72	0	451	468	152	c_16	t0_4	NaN
MCF7	-	1	2	72	0	465	468	152	c_16	t0_4	NaN
MCF7	-	1	2	72	0	441	468	152	c_16	t0_4	NaN
MCF7	-	1	2	72	0	408	468	152	c_16	t0_4	NaN
MCF7	-	1	2	72	0	520	468	152	c_16	t0_4	NaN
MCF7	drugA	1	2	72	0.001	446	468	152	c_16	t0_4	0.941518
MCF7	drugA	1	2	72	0.003162	508	468	152	c_16	t0_4	1.1037
MCF7	drugA	1	2	72	0.01	379	468	152	c_16	t0_4	0.756174
MCF7	drugA	1	2	72	0.03162	375	468	152	c_16	t0_4	0.744727
MCF7	drugA	1	2	72	0.1	240	468	152	c_16	t0_4	0.325151
MCF7	drugA	1	2	72	0.3162	239	468	152	c_16	t0_4	0.321745
MCF7	drugA	1	2	72	1	181	468	152	c_16	t0_4	0.113631
MCF7	drugA	1	2	72	3.162	139	468	152	c_16	t0_4	-0.0536155
MCF7	drugA	1	2	72	10	140	468	152	c_16	t0_4	-0.0494248
MCF7	drugB	1	2	72	0.001	496	468	152	c_16	t0_4	1.07293
MCF7	drugB	1	2	72	0.003162	431	468	152	c_16	t0_4	0.901007
MCF7	drugB	1	2	72	0.01	455	468	152	c_16	t0_4	0.965573
MCF7	drugB	1	2	72	0.03162	388	468	152	c_16	t0_4	0.781763
MCF7	drugB	1	2	72	0.1	461	468	152	c_16	t0_4	0.981509
MCF7	drugB	1	2	72	0.3162	426	468	152	c_16	t0_4	0.887384
MCF7	drugB	1	2	72	1	347	468	152	c_16	t0_4	0.663241
MCF7	drugB	1	2	72	3.162	302	468	152	c_16	t0_4	0.526775
MCF7	drugB	1	2	72	10	238	468	152	c_16	t0_4	0.318333
MCF7	drugC	1	2	72	0.001	549	468	152	c_16	t0_4	1.20678
MCF7	drugC	1	2	72	0.003162	457	468	152	c_16	t0_4	0.970894
MCF7	drugC	1	2	72	0.01	503	468	152	c_16	t0_4	1.09091
MCF7	drugC	1	2	72	0.03162	493	468	152	c_16	t0_4	1.06519
MCF7	drugC	1	2	72	0.1	401	468	152	c_16	t0_4	0.818325
MCF7	drugC	1	2	72	0.3162	498	468	152	c_16	t0_4	1.07808
MCF7	drugC	1	2	72	1	323	468	152	c_16	t0_4	0.591365
MCF7	drugC	1	2	72	3.162	213	468	152	c_16	t0_4	0.231171
MCF7	drugC	1	2	72	10	203	468	152	c_16	t0_4	0.195217
MCF7	drugD	1	2	72	0.001	441	468	152	c_16	t0_4	0.928073
MCF7	drugD	1	2	72	0.003162	477	468	152	c_16	t0_4	1.02362
MCF7	drugD	1	2	72	0.01	425	468	152	c_16	t0_4	0.884652
MCF7	drugD	1	2	72	0.03162	477	468	152	c_16	t0_4	1.02362
MCF7	drugD	1	2	72	0.1	382	468	152	c_16	t0_4	0.764729
MCF7	drugD	1	2	72	0.3162	322	468	152	c_16	t0_4	0.588327
MCF7	drugD	1	2	72	1	236	468	152	c_16	t0_4	0.311494
MCF7	drugD	1	2	72	3.162	274	468	152	c_16	t0_4	0.437904
MCF7	drugD	1	2	72	10	285	468	152	c_16	t0_4	0.473215
BT20	-	0	NaN	0	0	237	NaN	262	c_16	t0_5	NaN
BT20	-	0	NaN	0	0	355	NaN	262	c_16	t0_5	NaN
BT20	-	0	NaN	0	0	241	NaN	262	c_16	t0_5	NaN
BT20	-	0	NaN	0	0	244	NaN	262	c_16	t0_5	NaN
BT20	-	0	NaN	0	0	166	NaN	262	c_16	t0_5	NaN
BT20	-	0	NaN	0	0	256	NaN	262	c_16	t0_5	NaN
BT20	-	0	NaN	0	0	228	NaN	262	c_16	t0_5	NaN
BT20	-	0	NaN	0	0	272	NaN	262	c_16	t0_5	NaN
BT20	-	0	NaN	0	0	375	NaN	262	c_16	t0_5	NaN
BT20	-	0	NaN	0	0	345	NaN	262	c_16	t0_5	NaN
BT20	-	0	NaN	0	0	241	NaN	262	c_16	t0_5	NaN
BT20	-	0	NaN	0	0	235	NaN	262	c_16	t0_5	NaN
BT20	-	0	NaN	0	0	250	NaN	262	c_16	t0_5	NaN
BT20	-	0	NaN	0	0	166	NaN	262	c_16	t0_5	NaN
BT20	-	0	NaN	0	0	329	NaN	262	c_16	t0_5	NaN
BT20	-	0	NaN	0	0	341	NaN	262	c_16	t0_5	NaN
BT20	-	0	NaN	0	0	296	NaN	262	c_16	t0_5	NaN
BT20	-	0	NaN	0	0	205	NaN	262	c_16	t0_5	NaN
BT20	-	0	NaN	0	0	275	NaN	262	c_16	t0_5	NaN
BT20	-	0	NaN	0	0	309	NaN	262	c_16	t0_5	NaN
BT20	-	0	1	48	0	511	467	262	c_17	t0_5	NaN
BT20	-	0	1	48	0	481	467	262	c_17	t0_5	NaN
BT20	-	0	1	48	0	487	467	262	c_17	t0_5	NaN
BT20	-	0	1	48	0	428	467	262	c_17	t0_5	NaN
BT20	-	0	1	48	0	397	467	262	c_17	t0_5	NaN
BT20	-	0	1	48	0	452	467	262	c_17	t0_5	NaN
BT20	-	0	1	48	0	489	467	262	c_17	t0_5	NaN
BT20	-	0	1	48	0	450	467	262	c_17	t0_5	NaN
BT20	drugA	0	1	48	0.001	454	467	262	c_17	t0_5	0.933419
BT20	drugA	0	1	48	0.003162	416	467	262	c_17	t0_5	0.741003
BT20	drugA	0	1	48	0.01	397	467	262	c_17	t0_5	0.646082
BT20	drugA	0	1	48	0.03162	507	467	262	c_17	t0_5	1.20715
BT20	drugA	0	1	48	0.1	397	467	262	c_17	t0_5	0.646082
BT20	drugA	0	1	48	0.3162	466	467	262	c_17	t0_5	0.994865
BT20	drugA	0	1	48	1	410	467	262	c_17	t0_5	0.710932
BT20	drugA	0	1	48	3.162	449	467	262	c_17	t0_5	0.907911
BT20	drugA	0	1	48	10	333	467	262	c_17	t0_5	0.333194
BT20	drugB	0	1	48	0.001	459	467	262	c_17	t0_5	0.958983
BT20	drugB	0	1	48	0.003162	508	467	262	c_17	t0_5	1.21237
BT20	drugB	0	1	48	0.01	410	467	262	c_17	t0_5	0.710932
BT20	drugB	0	1	48	0.03162	460	467	262	c_17	t0_5	0.964102
BT20	drugB	0	1	48	0.1	442	467	262	c_17	t0_5	0.872296
BT20	drugB	0	1	48	0.3162	401	467	262	c_17	t0_5	0.665991
BT20	drugB	0	1	48	1	432	467	262	c_17	t0_5	0.821611
BT20	drugB	0	1	48	3.162	333	467	262	c_17	t0_5	0.333194
BT20	drugB	0	1	48	10	332	467	262	c_17	t0_5	0.328394
BT20	drugC	0	1	48	0.001	397	467	262	c_17	t0_5	0.646082
BT20	drugC	0	1	48	0.003162	516	467	262	c_17	t0_5	1.25422
BT20	drugC	0	1	48	0.01	429	467	262	c_17	t0_5	0.806451
BT20	drugC	0	1	48	0.03162	374	467	262	c_17	t0_5	0.532386
BT20	drugC	0	1	48	0.1	373	467	262	c_17	t0_5	0.527474
BT20	drugC	0	1	48	0.3162	330	467	262	c_17	t0_5	0.318803
BT20	drugC	0	1	48	1	304	467	262	c_17	t0_5	0.195193
BT20	drugC	0	1	48	3.162	307	467	262	c_17	t0_5	0.209352
BT20	drugC	0	1	48	10	328	467	262	c_17	t0_5	0.309223
BT20	drugD	0	1	48	0.001	438	467	262	c_17	t0_5	0.851994
BT20	drugD	0	1	48	0.003162	412	467	262	c_17	t0_5	0.720946
BT20	drugD	0	1	48	0.01	420	467	262	c_17	t0_5	0.761098
BT20	drugD	0	1	48	0.03162	365	467	262	c_17	t0_5	0.48827
BT20	drugD	0	1	48	0.1	294	467	262	c_17	t0_5	0.1482
BT20	drugD	0	1	48	0.3162	229	467	262	c_17	t0_5	-0.149087
BT20	drugD	0	1	48	1	182	467	262	c_17	t0_5	-0.353984
BT20	drugD	0	1	48	3.162	205	467	262	c_17	t0_5	-0.254885
BT20	drugD	0	1	48	10	193	467	262	c_17	t0_5	-0.306882
BT20	-	0	2	48	0	489	452	262	c_18	t0_5	NaN
BT20	-	0	2	48	0	540	452	262	c_18	t0_5	NaN
BT20	-	0	2	48	0	429	452	262	c_18	t0_5	NaN
BT20	-	0	2	48	0	562	452	262	c_18	t0_5	NaN
BT20	-	0	2	48	0	404	452	262	c_18	t0_5	NaN
BT20	-	0	2	48	0	462	452	262	c_18	t0_5	NaN
BT20	-	0	2	48	0	418	452	262	c_18	t0_5	NaN
BT20	-	0	2	48	0	428	452	262	c_18	t0_5	NaN
BT20	drugA	0	2	48	0.001	502	452	262	c_18	t0_5	1.28531
BT20	drugA	0	2	48	0.003162	486	452	262	c_18	t0_5	1.19313
BT20	drugA	0	2	48	0.01	464	452	262	c_18	t0_5	1.06773
BT20	drugA	0	2	48	0.03162	467	452	262	c_18	t0_5	1.08474
BT20	drugA	0	2	48	0.1	556	452	262	c_18	t0_5	1.60221
BT20	drugA	0	2	48	0.3162	557	452	262	c_18	t0_5	1.60816
BT20	drugA	0	2	48	1	460	452	262	c_18	t0_5	1.0451
BT20	drugA	0	2	48	3.162	385	452	262	c_18	t0_5	0.631048
BT20	drugA	0	2	48	10	330	452	262	c_18	t0_5	0.340832
BT20	drugB	0	2	48	0.001	455	452	262	c_18	t0_5	1.01689
BT20	drugB	0	2	48	0.003162	475	452	262	c_18	t0_5	1.13024
BT20	drugB	0	2	48	0.01	458	452	262	c_18	t0_5	1.0338
BT20	drugB	0	2	48	0.03162	559	452	262	c_18	t0_5	1.62007
BT20	drugB	0	2	48	0.1	505	452	262	c_18	t0_5	1.30268
BT20	drugB	0	2	48	0.3162	425	452	262	c_18	t0_5	0.849397
BT20	drugB	0	2	48	1	470	452	262	c_18	t0_5	1.10177
BT20	drugB	0	2	48	3.162	365	452	262	c_18	t0_5	0.524121
BT20	drugB	0	2	48	10	366	452	262	c_18	t0_5	0.52943
BT20	drugC	0	2	48	0.001	479	452	262	c_18	t0_5	1.15306
BT20	drugC	0	2	48	0.003162	542	452	262	c_18	t0_5	1.51922
BT20	drugC	0	2	48	0.01	490	452	262	c_18	t0_5	1.2161
BT20	drugC	0	2	48	0.03162	416	452	262	c_18	t0_5	0.799762
BT20	drugC	0	2	48	0.1	324	452	262	c_18	t0_5	0.309923
BT20	drugC	0	2	48	0.3162	347	452	262	c_18	t0_5	0.429233
BT20	drugC	0	2	48	1	276	452	262	c_18	t0_5	0.0684039
BT20	drugC	0	2	48	3.162	334	452	262	c_18	t0_5	0.361524
BT20	drugC	0	2	48	10	311	452	262	c_18	t0_5	0.243485
BT20	drugD	0	2	48	0.001	503	452	262	c_18	t0_5	1.2911
BT20	drugD	0	2	48	0.003162	516	452	262	c_18	t0_5	1.36662
BT20	drugD	0	2	48	0.01	484	452	262	c_18	t0_5	1.18167
BT20	drugD	0	2	48	0.03162	320	452	262	c_18	t0_5	0.289402
BT20	drugD	0	2	48	0.1	271	452	262	c_18	t0_5	0.0438633
BT20	drugD	0	2	48	0.3162	198	452	262	c_18	t0_5	-0.299521
BT20	drugD	0	2	48	1	244	452	262	c_18	t0_5	-0.0864965
BT20	drugD	0	2	48	3.162	228	452	262	c_18	t0_5	-0.161947
BT20	drugD	0	2	48	10	217	452	262	c_18	t0_5	-0.212998
BT20	-	0	3	48	0	476	486	262	c_19	t0_5	NaN
BT20	-	0	3	48	0	496	486	262	c_19	t0_5	NaN
BT20	-	0	3	48	0	483	486	262	c_19	t0_5	NaN
BT20	-	0	3	48	0	422	486	262	c_19	t0_5	NaN
BT20	-	0	3	48	0	464	486	262	c_19	t0_5	NaN
BT20	-	0	3	48	0	547	486	262	c_19	t0_5	NaN
BT20	-	0	3	48	0	507	486	262	c_19	t0_5	NaN
BT20	-	0	3	48	0	489	486	262	c_19	t0_5	NaN
BT20	drugA	0	3	48	0.001	468	486	262	c_19	t0_5	0.91709
BT20	drugA	0	3	48	0.003162	389	486	262	c_19	t0_5	0.557983
BT20	drugA	0	3	48	0.01	506	486	262	c_19	t0_5	1.09256
BT20	drugA	0	3	48	0.03162	534	486	262	c_19	t0_5	1.2229
BT20	drugA	0	3	48	0.1	501	486	262	c_19	t0_5	1.06938
BT20	drugA	0	3	48	0.3162	422	486	262	c_19	t0_5	0.707003
BT20	drugA	0	3	48	1	449	486	262	c_19	t0_5	0.829995
BT20	drugA	0	3	48	3.162	453	486	262	c_19	t0_5	0.848294
BT20	drugA	0	3	48	10	377	486	262	c_19	t0_5	0.504168
BT20	drugB	0	3	48	0.001	511	486	262	c_19	t0_5	1.11577
BT20	drugB	0	3	48	0.003162	491	486	262	c_19	t0_5	1.0231
BT20	drugB	0	3	48	0.01	504	486	262	c_19	t0_5	1.08329
BT20	drugB	0	3	48	0.03162	423	486	262	c_19	t0_5	0.711541
BT20	drugB	0	3	48	0.1	536	486	262	c_19	t0_5	1.23224
BT20	drugB	0	3	48	0.3162	412	486	262	c_19	t0_5	0.66169
BT20	drugB	0	3	48	1	375	486	262	c_19	t0_5	0.495219
BT20	drugB	0	3	48	3.162	369	486	262	c_19	t0_5	0.468407
BT20	drugB	0	3	48	10	355	486	262	c_19	t0_5	0.406053
BT20	drugC	0	3	48	0.001	463	486	262	c_19	t0_5	0.894128
BT20	drugC	0	3	48	0.003162	451	486	262	c_19	t0_5	0.839142
BT20	drugC	0	3	48	0.01	442	486	262	c_19	t0_5	0.798019
BT20	drugC	0	3	48	0.03162	399	486	262	c_19	t0_5	0.602983
BT20	drugC	0	3	48	0.1	329	486	262	c_19	t0_5	0.291054
BT20	drugC	0	3	48	0.3162	310	486	262	c_19	t0_5	0.207709
BT20	drugC	0	3	48	1	351	486	262	c_19	t0_5	0.388292
BT20	drugC	0	3	48	3.162	288	486	262	c_19	t0_5	0.111982
BT20	drugC	0	3	48	10	264	486	262	c_19	t0_5	0.00856767
BT20	drugD	0	3	48	0.001	407	486	262	c_19	t0_5	0.639083
BT20	drugD	0	3	48	0.003162	377	486	262	c_19	t0_5	0.504168
BT20	drugD	0	3	48	0.01	437	486	262	c_19	t0_5	0.775217
BT20	drugD	0	3	48	0.03162	386	486	262	c_19	t0_5	0.54451
BT20	drugD	0	3	48	0.1	278	486	262	c_19	t0_5	0.06876
BT20	drugD	0	3	48	0.3162	253	486	262	c_19	t0_5	-0.0384552
BT20	drugD	0	3	48	1	220	486	262	c_19	t0_5	-0.177992
BT20	drugD	0	3	48	3.162	193	486	262	c_19	t0_5	-0.290288
BT20	drugD	0	3	48	10	189	486	262	c_19	t0_5	-0.306769
BT20	-	0	1	72	0	596	592	262	c_20	t0_5	NaN
BT20	-	0	1	72	0	670	592	262	c_20	t0_5	NaN
BT20	-	0	1	72	0	626	592	262	c_20	t0_5	NaN
BT20	-	0	1	72	0	679	592	262	c_20	t0_5	NaN
BT20	-	0	1	72	0	557	592	262	c_20	t0_5	NaN
BT20	-	0	1	72	0	566	592	262	c_20	t0_5	NaN
BT20	-	0	1	72	0	573	592	262	c_20	t0_5	NaN
BT20	-	0	1	72	0	575	592	262	c_20	t0_5	NaN
BT20	drugA	0	1	72	0.001	598	592	262	c_20	t0_5	1.01722
BT20	drugA	0	1	72	0.003162	549	592	262	c_20	t0_5	0.875783
BT20	drugA	0	1	72	0.01	593	592	262	c_20	t0_5	1.00287
BT20	drugA	0	1	72	0.03162	651	592	262	c_20	t0_5	1.16827
BT20	drugA	0	1	72	0.1	586	592	262	c_20	t0_5	0.982751
BT20	drugA	0	1	72	0.3162	536	592	262	c_20	t0_5	0.837947
BT20	drugA	0	1	72	1	642	592	262	c_20	t0_5	1.14276
BT20	drugA	0	1	72	3.162	540	592	262	c_20	t0_5	0.849603
BT20	drugA	0	1	72	10	406	592	262	c_20	t0_5	0.451281
BT20	drugB	0	1	72	0.001	517	592	262	c_20	t0_5	0.782398
BT20	drugB	0	1	72	0.003162	646	592	262	c_20	t0_5	1.1541
BT20	drugB	0	1	72	0.01	612	592	262	c_20	t0_5	1.05731
BT20	drugB	0	1	72	0.03162	623	592	262	c_20	t0_5	1.08871
BT20	drugB	0	1	72	0.1	555	592	262	c_20	t0_5	0.893201
BT20	drugB	0	1	72	0.3162	553	592	262	c_20	t0_5	0.887398
BT20	drugB	0	1	72	1	552	592	262	c_20	t0_5	0.884495
BT20	drugB	0	1	72	3.162	484	592	262	c_20	t0_5	0.685184
BT20	drugB	0	1	72	10	348	592	262	c_20	t0_5	0.272991
BT20	drugC	0	1	72	0.001	543	592	262	c_20	t0_5	0.858337
BT20	drugC	0	1	72	0.003162	561	592	262	c_20	t0_5	0.91059
BT20	drugC	0	1	72	0.01	614	592	262	c_20	t0_5	1.06303
BT20	drugC	0	1	72	0.03162	558	592	262	c_20	t0_5	0.901899
BT20	drugC	0	1	72	0.1	378	592	262	c_20	t0_5	0.365723
BT20	drugC	0	1	72	0.3162	314	592	262	c_20	t0_5	0.166431
BT20	drugC	0	1	72	1	387	592	262	c_20	t0_5	0.393324
BT20	drugC	0	1	72	3.162	341	592	262	c_20	t0_5	0.251185
BT20	drugC	0	1	72	10	315	592	262	c_20	t0_5	0.169589
BT20	drugD	0	1	72	0.001	631	592	262	c_20	t0_5	1.1115
BT20	drugD	0	1	72	0.003162	582	592	262	c_20	t0_5	0.971236
BT20	drugD	0	1	72	0.01	546	592	262	c_20	t0_5	0.867064
BT20	drugD	0	1	72	0.03162	422	592	262	c_20	t0_5	0.499772
BT20	drugD	0	1	72	0.1	372	592	262	c_20	t0_5	0.347268
BT20	drugD	0	1	72	0.3162	237	592	262	c_20	t0_5	-0.081739
BT20	drugD	0	1	72	1	168	592	262	c_20	t0_5	-0.314677
BT20	drugD	0	1	72	3.162	205	592	262	c_20	t0_5	-0.18829
BT20	drugD	0	1	72	10	171	592	262	c_20	t0_5	-0.304285
BT20	-	0	2	72	0	645	634	262	c_21	t0_5	NaN
BT20	-	0	2	72	0	689	634	262	c_21	t0_5	NaN
BT20	-	0	2	72	0	602	634	262	c_21	t0_5	NaN
BT20	-	0	2	72	0	691	634	262	c_21	t0_5	NaN
BT20	-	0	2	72	0	504	634	262	c_21	t0_5	NaN
BT20	-	0	2	72	0	610	634	262	c_21	t0_5	NaN
BT20	-	0	2	72	0	682	634	262	c_21	t0_5	NaN
BT20	-	0	2	72	0	577	634	262	c_21	t0_5	NaN
BT20	drugA	0	2	72	0.001	633	634	262	c_21	t0_5	0.997525
BT20	drugA	0	2	72	0.003162	701	634	262	c_21	t0_5	1.16397
BT20	drugA	0	2	72	0.01	589	634	262	c_21	t0_5	0.887777
BT20	drugA	0	2	72	0.03162	646	634	262	c_21	t0_5	1.02963
BT20	drugA	0	2	72	0.1	623	634	262	c_21	t0_5	0.972731
BT20	drugA	0	2	72	0.3162	632	634	262	c_21	t0_5	0.99505
BT20	drugA	0	2	72	1	641	634	262	c_21	t0_5	1.0173
BT20	drugA	0	2	72	3.162	479	634	262	c_21	t0_5	0.605205
BT20	drugA	0	2	72	10	423	634	262	c_21	t0_5	0.456058
BT20	drugB	0	2	72	0.001	504	634	262	c_21	t0_5	0.670556
BT20	drugB	0	2	72	0.003162	698	634	262	c_21	t0_5	1.1567
BT20	drugB	0	2	72	0.01	595	634	262	c_21	t0_5	0.902844
BT20	drugB	0	2	72	0.03162	574	634	262	c_21	t0_5	0.849964
BT20	drugB	0	2	72	0.1	573	634	262	c_21	t0_5	0.847435
BT20	drugB	0	2	72	0.3162	599	634	262	c_21	t0_5	0.912871
BT20	drugB	0	2	72	1	577	634	262	c_21	t0_5	0.857543
BT20	drugB	0	2	72	3.162	466	634	262	c_21	t0_5	0.570933
BT20	drugB	0	2	72	10	444	634	262	c_21	t0_5	0.512459
BT20	drugC	0	2	72	0.001	639	634	262	c_21	t0_5	1.01236
BT20	drugC	0	2	72	0.003162	723	634	262	c_21	t0_5	1.21706
BT20	drugC	0	2	72	0.01	562	634	262	c_21	t0_5	0.819559
BT20	drugC	0	2	72	0.03162	532	634	262	c_21	t0_5	0.742926
BT20	drugC	0	2	72	0.1	344	634	262	c_21	t0_5	0.238103
BT20	drugC	0	2	72	0.3162	332	634	262	c_21	t0_5	0.204097
BT20	drugC	0	2	72	1	364	634	262	c_21	t0_5	0.294218
BT20	drugC	0	2	72	3.162	337	634	262	c_21	t0_5	0.218298
BT20	drugC	0	2	72	10	349	634	262	c_21	t0_5	0.252196
BT20	drugD	0	2	72	0.001	614	634	262	c_21	t0_5	0.950343
BT20	drugD	0	2	72	0.003162	481	634	262	c_21	t0_5	0.61046
BT20	drugD	0	2	72	0.01	629	634	262	c_21	t0_5	0.987618
BT20	drugD	0	2	72	0.03162	415	634	262	c_21	t0_5	0.434414
BT20	drugD	0	2	72	0.1	319	634	262	c_21	t0_5	0.166957
BT20	drugD	0	2	72	0.3162	262	634	262	c_21	t0_5	0
BT20	drugD	0	2	72	1	199	634	262	c_21	t0_5	-0.194048
BT20	drugD	0	2	72	3.162	181	634	262	c_21	t0_5	-0.251808
BT20	drugD	0	2	72	10	183	634	262	c_21	t0_5	-0.245331
BT20	-	0	3	72	0	586	615	262	c_22	t0_5	NaN
BT20	-	0	3	72	0	687	615	262	c_22	t0_5	NaN
BT20	-	0	3	72	0	602	615	262	c_22	t0_5	NaN
BT20	-	0	3	72	0	568	615	262	c_22	t0_5	NaN
BT20	-	0	3	72	0	625	615	262	c_22	t0_5	NaN
BT20	-	0	3	72	0	626	615	262	c_22	t0_5	NaN
BT20	-	0	3	72	0	643	615	262	c_22	t0_5	NaN
BT20	-	0	3	72	0	608	615	262	c_22	t0_5	NaN
BT20	drugA	0	3	72	0.001	616	615	262	c_22	t0_5	1.00264
BT20	drugA	0	3	72	0.003162	635	615	262	c_22	t0_5	1.05268
BT20	drugA	0	3	72	0.01	638	615	262	c_22	t0_5	1.06055
BT20	drugA	0	3	72	0.03162	512	615	262	c_22	t0_5	0.723312
BT20	drugA	0	3	72	0.1	561	615	262	c_22	t0_5	0.856128
BT20	drugA	0	3	72	0.3162	564	615	262	c_22	t0_5	0.864187
BT20	drugA	0	3	72	1	617	615	262	c_22	t0_5	1.00528
BT20	drugA	0	3	72	3.162	500	615	262	c_22	t0_5	0.690429
BT20	drugA	0	3	72	10	453	615	262	c_22	t0_5	0.560166
BT20	drugB	0	3	72	0.001	548	615	262	c_22	t0_5	0.821111
BT20	drugB	0	3	72	0.003162	556	615	262	c_22	t0_5	0.842678
BT20	drugB	0	3	72	0.01	584	615	262	c_22	t0_5	0.917711
BT20	drugB	0	3	72	0.03162	718	615	262	c_22	t0_5	1.26808
BT20	drugB	0	3	72	0.1	679	615	262	c_22	t0_5	1.16748
BT20	drugB	0	3	72	0.3162	686	615	262	c_22	t0_5	1.18562
BT20	drugB	0	3	72	1	471	615	262	c_22	t0_5	0.61034
BT20	drugB	0	3	72	3.162	450	615	262	c_22	t0_5	0.551767
BT20	drugB	0	3	72	10	373	615	262	c_22	t0_5	0.33235
BT20	drugC	0	3	72	0.001	711	615	262	c_22	t0_5	1.2501
BT20	drugC	0	3	72	0.003162	542	615	262	c_22	t0_5	0.804897
BT20	drugC	0	3	72	0.01	496	615	262	c_22	t0_5	0.679435
BT20	drugC	0	3	72	0.03162	437	615	262	c_22	t0_5	0.515251
BT20	drugC	0	3	72	0.1	350	615	262	c_22	t0_5	0.265216
BT20	drugC	0	3	72	0.3162	335	615	262	c_22	t0_5	0.220988
BT20	drugC	0	3	72	1	304	615	262	c_22	t0_5	0.128377
BT20	drugC	0	3	72	3.162	286	615	262	c_22	t0_5	0.0737948
BT20	drugC	0	3	72	10	343	615	262	c_22	t0_5	0.244622
BT20	drugD	0	3	72	0.001	534	615	262	c_22	t0_5	0.783226
BT20	drugD	0	3	72	0.003162	581	615	262	c_22	t0_5	0.909704
BT20	drugD	0	3	72	0.01	551	615	262	c_22	t0_5	0.829206
BT20	drugD	0	3	72	0.03162	380	615	262	c_22	t0_5	0.352626
BT20	drugD	0	3	72	0.1	377	615	262	c_22	t0_5	0.343945
BT20	drugD	0	3	72	0.3162	203	615	262	c_22	t0_5	-0.18719
BT20	drugD	0	3	72	1	177	615	262	c_22	t0_5	-0.272829
BT20	drugD	0	3	72	3.162	186	615	262	c_22	t0_5	-0.242933
BT20	drugD	0	3	72	10	176	615	262	c_22	t0_5	-0.276168
BT20	-	1	NaN	0	0	238	NaN	241	c_22	t0_6	NaN
BT20	-	1	NaN	0	0	166	NaN	241	c_22	t0_6	NaN
BT20	-	1	NaN	0	0	263	NaN	241	c_22	t0_6	NaN
BT20	-	1	NaN	0	0	166	NaN	241	c_22	t0_6	NaN
BT20	-	1	NaN	0	0	273	NaN	241	c_22	t0_6	NaN
BT20	-	1	NaN	0	0	166	NaN	241	c_22	t0_6	NaN
BT20	-	1	NaN	0	0	166	NaN	241	c_22	t0_6	NaN
BT20	-	1	NaN	0	0	237	NaN	241	c_22	t0_6	NaN
BT20	-	1	NaN	0	0	262	NaN	241	c_22	t0_6	NaN
BT20	-	1	NaN	0	0	166	NaN	241	c_22	t0_6	NaN
BT20	-	1	NaN	0	0	297	NaN	241	c_22	t0_6	NaN
BT20	-	1	NaN	0	0	255	NaN	241	c_22	t0_6	NaN
BT20	-	1	NaN	0	0	326	NaN	241	c_22	t0_6	NaN
BT20	-	1	NaN	0	0	277	NaN	241	c_22	t0_6	NaN
BT20	-	1	NaN	0	0	166	NaN	241	c_22	t0_6	NaN
BT20	-	1	NaN	0	0	332	NaN	241	c_22	t0_6	NaN
BT20	-	1	NaN	0	0	303	NaN	241	c_22	t0_6	NaN
BT20	-	1	NaN	0	0	282	NaN	241	c_22	t0_6	NaN
BT20	-	1	NaN	0	0	299	NaN	241	c_22	t0_6	NaN
BT20	-	1	NaN	0	0	166	NaN	241	c_22	t0_6	NaN
BT20	-	1	1	48	0	361	370	241	c_23	t0_6	NaN
BT20	-	1	1	48	0	310	370	241	c_23	t0_6	NaN
BT20	-	1	1	48	0	380	370	241	c_23	t0_6	NaN
BT20	-	1	1	48	0	416	370	241	c_23	t0_6	NaN
BT20	-	1	1	48	0	447	370	241	c_23	t0_6	NaN
BT20	-	1	1	48	0	390	370	241	c_23	t0_6	NaN
BT20	-	1	1	48	0	319	370	241	c_23	t0_6	NaN
BT20	-	1	1	48	0	350	370	241	c_23	t0_6	NaN
BT20	drugA	1	1	48	0.001	360	370	241	c_23	t0_6	0.913335
BT20	drugA	1	1	48	0.003162	383	370	241	c_23	t0_6	1.11484
BT20	drugA	1	1	48	0.01	421	370	241	c_23	t0_6	1.46435
BT20	drugA	1	1	48	0.03162	313	370	241	c_23	t0_6	0.526001
BT20	drugA	1	1	48	0.1	387	370	241	c_23	t0_6	1.15067
BT20	drugA	1	1	48	0.3162	351	370	241	c_23	t0_6	0.836594
BT20	drugA	1	1	48	1	431	370	241	c_23	t0_6	1.55969
BT20	drugA	1	1	48	3.162	341	370	241	c_23	t0_6	0.75274
BT20	drugA	1	1	48	10	317	370	241	c_23	t0_6	0.557656
BT20	drugB	1	1	48	0.001	421	370	241	c_23	t0_6	1.46435
BT20	drugB	1	1	48	0.003162	400	370	241	c_23	t0_6	1.26868
BT20	drugB	1	1	48	0.01	344	370	241	c_23	t0_6	0.777739
BT20	drugB	1	1	48	0.03162	379	370	241	c_23	t0_6	1.07925
BT20	drugB	1	1	48	0.1	345	370	241	c_23	t0_6	0.786102
BT20	drugB	1	1	48	0.3162	443	370	241	c_23	t0_6	1.6759
BT20	drugB	1	1	48	1	319	370	241	c_23	t0_6	0.573577
BT20	drugB	1	1	48	3.162	326	370	241	c_23	t0_6	0.629783
BT20	drugB	1	1	48	10	263	370	241	c_23	t0_6	0.151703
BT20	drugC	1	1	48	0.001	362	370	241	c_23	t0_6	0.93055
BT20	drugC	1	1	48	0.003162	310	370	241	c_23	t0_6	0.502423
BT20	drugC	1	1	48	0.01	402	370	241	c_23	t0_6	1.28705
BT20	drugC	1	1	48	0.03162	309	370	241	c_23	t0_6	0.494595
BT20	drugC	1	1	48	0.1	270	370	241	c_23	t0_6	0.201671
BT20	drugC	1	1	48	0.3162	246	370	241	c_23	t0_6	0.0337584
BT20	drugC	1	1	48	1	253	370	241	c_23	t0_6	0.0817349
BT20	drugC	1	1	48	3.162	273	370	241	c_23	t0_6	0.223333
BT20	drugC	1	1	48	10	229	370	241	c_23	t0_6	-0.079262
BT20	drugD	1	1	48	0.001	326	370	241	c_23	t0_6	0.629783
BT20	drugD	1	1	48	0.003162	369	370	241	c_23	t0_6	0.991268
BT20	drugD	1	1	48	0.01	368	370	241	c_23	t0_6	0.98255
BT20	drugD	1	1	48	0.03162	289	370	241	c_23	t0_6	0.341335
BT20	drugD	1	1	48	0.1	251	370	241	c_23	t0_6	0.0679427
BT20	drugD	1	1	48	0.3162	187	370	241	c_23	t0_6	-0.336464
BT20	drugD	1	1	48	1	188	370	241	c_23	t0_6	-0.330718
BT20	drugD	1	1	48	3.162	211	370	241	c_23	t0_6	-0.19341
BT20	drugD	1	1	48	10	228	370	241	c_23	t0_6	-0.085754
BT20	-	1	2	48	0	386	377	241	c_24	t0_6	NaN
BT20	-	1	2	48	0	394	377	241	c_24	t0_6	NaN
BT20	-	1	2	48	0	338	377	241	c_24	t0_6	NaN
BT20	-	1	2	48	0	415	377	241	c_24	t0_6	NaN
BT20	-	1	2	48	0	381	377	241	c_24	t0_6	NaN
BT20	-	1	2	48	0	320	377	241	c_24	t0_6	NaN
BT20	-	1	2	48	0	350	377	241	c_24	t0_6	NaN
BT20	-	1	2	48	0	419	377	241	c_24	t0_6	NaN
BT20	drugA	1	2	48	0.001	404	377	241	c_24	t0_6	1.22621
BT20	drugA	1	2	48	0.003162	356	377	241	c_24	t0_6	0.830082
BT20	drugA	1	2	48	0.01	349	377	241	c_24	t0_6	0.774639
BT20	drugA	1	2	48	0.03162	375	377	241	c_24	t0_6	0.983588
BT20	drugA	1	2	48	0.1	444	377	241	c_24	t0_6	1.5768
BT20	drugA	1	2	48	0.3162	397	377	241	c_24	t0_6	1.16674
BT20	drugA	1	2	48	1	384	377	241	c_24	t0_6	1.05782
BT20	drugA	1	2	48	3.162	356	377	241	c_24	t0_6	0.830082
BT20	drugA	1	2	48	10	295	377	241	c_24	t0_6	0.367791
BT20	drugB	1	2	48	0.001	349	377	241	c_24	t0_6	0.774639
BT20	drugB	1	2	48	0.003162	459	377	241	c_24	t0_6	1.71291
BT20	drugB	1	2	48	0.01	320	377	241	c_24	t0_6	0.551482
BT20	drugB	1	2	48	0.03162	410	377	241	c_24	t0_6	1.27763
BT20	drugB	1	2	48	0.1	386	377	241	c_24	t0_6	1.07445
BT20	drugB	1	2	48	0.3162	381	377	241	c_24	t0_6	1.03297
BT20	drugB	1	2	48	1	363	377	241	c_24	t0_6	0.886126
BT20	drugB	1	2	48	3.162	291	377	241	c_24	t0_6	0.339168
BT20	drugB	1	2	48	10	280	377	241	c_24	t0_6	0.261568
BT20	drugC	1	2	48	0.001	404	377	241	c_24	t0_6	1.22621
BT20	drugC	1	2	48	0.003162	387	377	241	c_24	t0_6	1.08278
BT20	drugC	1	2	48	0.01	357	377	241	c_24	t0_6	0.838051
BT20	drugC	1	2	48	0.03162	368	377	241	c_24	t0_6	0.926524
BT20	drugC	1	2	48	0.1	275	377	241	c_24	t0_6	0.226841
BT20	drugC	1	2	48	0.3162	237	377	241	c_24	t0_6	-0.0255939
BT20	drugC	1	2	48	1	331	377	241	c_24	t0_6	0.634875
BT20	drugC	1	2	48	3.162	299	377	241	c_24	t0_6	0.396628
BT20	drugC	1	2	48	10	266	377	241	c_24	t0_6	0.165204
BT20	drugD	1	2	48	0.001	359	377	241	c_24	t0_6	0.854028
BT20	drugD	1	2	48	0.003162	336	377	241	c_24	t0_6	0.67329
BT20	drugD	1	2	48	0.01	377	377	241	c_24	t0_6	1
BT20	drugD	1	2	48	0.03162	295	377	241	c_24	t0_6	0.367791
BT20	drugD	1	2	48	0.1	268	377	241	c_24	t0_6	0.178804
BT20	drugD	1	2	48	0.3162	222	377	241	c_24	t0_6	-0.119453
BT20	drugD	1	2	48	1	207	377	241	c_24	t0_6	-0.209892
BT20	drugD	1	2	48	3.162	197	377	241	c_24	t0_6	-0.268231
BT20	drugD	1	2	48	10	220	377	241	c_24	t0_6	-0.131712
BT20	-	1	3	48	0	373	372	241	c_25	t0_6	NaN
BT20	-	1	3	48	0	412	372	241	c_25	t0_6	NaN
BT20	-	1	3	48	0	392	372	241	c_25	t0_6	NaN
BT20	-	1	3	48	0	316	372	241	c_25	t0_6	NaN
BT20	-	1	3	48	0	409	372	241	c_25	t0_6	NaN
BT20	-	1	3	48	0	302	372	241	c_25	t0_6	NaN
BT20	-	1	3	48	0	302	372	241	c_25	t0_6	NaN
BT20	-	1	3	48	0	417	372	241	c_25	t0_6	NaN
BT20	drugA	1	3	48	0.001	426	372	241	c_25	t0_6	1.48328
BT20	drugA	1	3	48	0.003162	403	372	241	c_25	t0_6	1.27267
BT20	drugA	1	3	48	0.01	341	372	241	c_25	t0_6	0.740567
BT20	drugA	1	3	48	0.03162	375	372	241	c_25	t0_6	1.02582
BT20	drugA	1	3	48	0.1	384	372	241	c_25	t0_6	1.104
BT20	drugA	1	3	48	0.3162	346	372	241	c_25	t0_6	0.781497
BT20	drugA	1	3	48	1	352	372	241	c_25	t0_6	0.83108
BT20	drugA	1	3	48	3.162	286	372	241	c_25	t0_6	0.314369
BT20	drugA	1	3	48	10	354	372	241	c_25	t0_6	0.847721
BT20	drugB	1	3	48	0.001	343	372	241	c_25	t0_6	0.756897
BT20	drugB	1	3	48	0.003162	335	372	241	c_25	t0_6	0.691923
BT20	drugB	1	3	48	0.01	376	372	241	c_25	t0_6	1.03445
BT20	drugB	1	3	48	0.03162	380	372	241	c_25	t0_6	1.06912
BT20	drugB	1	3	48	0.1	374	372	241	c_25	t0_6	1.0172
BT20	drugB	1	3	48	0.3162	393	372	241	c_25	t0_6	1.18329
BT20	drugB	1	3	48	1	359	372	241	c_25	t0_6	0.889568
BT20	drugB	1	3	48	3.162	353	372	241	c_25	t0_6	0.839394
BT20	drugB	1	3	48	10	272	372	241	c_25	t0_6	0.213145
BT20	drugC	1	3	48	0.001	380	372	241	c_25	t0_6	1.06912
BT20	drugC	1	3	48	0.003162	302	372	241	c_25	t0_6	0.433726
BT20	drugC	1	3	48	0.01	299	372	241	c_25	t0_6	0.411052
BT20	drugC	1	3	48	0.03162	366	372	241	c_25	t0_6	0.94874
BT20	drugC	1	3	48	0.1	286	372	241	c_25	t0_6	0.314369
BT20	drugC	1	3	48	0.3162	299	372	241	c_25	t0_6	0.411052
BT20	drugC	1	3	48	1	244	372	241	c_25	t0_6	0.0199503
BT20	drugC	1	3	48	3.162	258	372	241	c_25	t0_6	0.114983
BT20	drugC	1	3	48	10	234	372	241	c_25	t0_6	-0.0459753
BT20	drugD	1	3	48	0.001	374	372	241	c_25	t0_6	1.0172
BT20	drugD	1	3	48	0.003162	311	372	241	c_25	t0_6	0.502554
BT20	drugD	1	3	48	0.01	365	372	241	c_25	t0_6	0.940245
BT20	drugD	1	3	48	0.03162	286	372	241	c_25	t0_6	0.314369
BT20	drugD	1	3	48	0.1	251	372	241	c_25	t0_6	0.0670713
BT20	drugD	1	3	48	0.3162	203	372	241	c_25	t0_6	-0.23966
BT20	drugD	1	3	48	1	211	372	241	c_25	t0_6	-0.191254
BT20	drugD	1	3	48	3.162	168	372	241	c_25	t0_6	-0.437949
BT20	drugD	1	3	48	10	175	372	241	c_25	t0_6	-0.400092
BT20	-	1	1	72	0	422	434	241	c_26	t0_6	NaN
BT20	-	1	1	72	0	440	434	241	c_26	t0_6	NaN
BT20	-	1	1	72	0	491	434	241	c_26	t0_6	NaN
BT20	-	1	1	72	0	439	434	241	c_26	t0_6	NaN
BT20	-	1	1	72	0	435	434	241	c_26	t0_6	NaN
BT20	-	1	1	72	0	375	434	241	c_26	t0_6	NaN
BT20	-	1	1	72	0	377	434	241	c_26	t0_6	NaN
BT20	-	1	1	72	0	443	434	241	c_26	t0_6	NaN
BT20	drugA	1	1	72	0.001	391	434	241	c_26	t0_6	0.768628
BT20	drugA	1	1	72	0.003162	447	434	241	c_26	t0_6	1.07078
BT20	drugA	1	1	72	0.01	394	434	241	c_26	t0_6	0.784629
BT20	drugA	1	1	72	0.03162	411	434	241	c_26	t0_6	0.875707
BT20	drugA	1	1	72	0.1	440	434	241	c_26	t0_6	1.03262
BT20	drugA	1	1	72	0.3162	386	434	241	c_26	t0_6	0.742009
BT20	drugA	1	1	72	1	435	434	241	c_26	t0_6	1.00543
BT20	drugA	1	1	72	3.162	373	434	241	c_26	t0_6	0.673088
BT20	drugA	1	1	72	10	394	434	241	c_26	t0_6	0.784629
BT20	drugB	1	1	72	0.001	460	434	241	c_26	t0_6	1.14192
BT20	drugB	1	1	72	0.003162	431	434	241	c_26	t0_6	0.98372
BT20	drugB	1	1	72	0.01	513	434	241	c_26	t0_6	1.43562
BT20	drugB	1	1	72	0.03162	456	434	241	c_26	t0_6	1.11999
BT20	drugB	1	1	72	0.1	446	434	241	c_26	t0_6	1.06532
BT20	drugB	1	1	72	0.3162	439	434	241	c_26	t0_6	1.02718
BT20	drugB	1	1	72	1	401	434	241	c_26	t0_6	0.822049
BT20	drugB	1	1	72	3.162	376	434	241	c_26	t0_6	0.688955
BT20	drugB	1	1	72	10	301	434	241	c_26	t0_6	0.299471
BT20	drugC	1	1	72	0.001	360	434	241	c_26	t0_6	0.604593
BT20	drugC	1	1	72	0.003162	459	434	241	c_26	t0_6	1.13644
BT20	drugC	1	1	72	0.01	384	434	241	c_26	t0_6	0.731378
BT20	drugC	1	1	72	0.03162	452	434	241	c_26	t0_6	1.0981
BT20	drugC	1	1	72	0.1	299	434	241	c_26	t0_6	0.289303
BT20	drugC	1	1	72	0.3162	286	434	241	c_26	t0_6	0.223509
BT20	drugC	1	1	72	1	300	434	241	c_26	t0_6	0.294386
BT20	drugC	1	1	72	3.162	317	434	241	c_26	t0_6	0.381244
BT20	drugC	1	1	72	10	276	434	241	c_26	t0_6	0.173259
BT20	drugD	1	1	72	0.001	509	434	241	c_26	t0_6	1.41325
BT20	drugD	1	1	72	0.003162	453	434	241	c_26	t0_6	1.10357
BT20	drugD	1	1	72	0.01	462	434	241	c_26	t0_6	1.1529
BT20	drugD	1	1	72	0.03162	338	434	241	c_26	t0_6	0.489689
BT20	drugD	1	1	72	0.1	239	434	241	c_26	t0_6	-0.00977138
BT20	drugD	1	1	72	0.3162	179	434	241	c_26	t0_6	-0.295627
BT20	drugD	1	1	72	1	169	434	241	c_26	t0_6	-0.34176
BT20	drugD	1	1	72	3.162	181	434	241	c_26	t0_6	-0.286344
BT20	drugD	1	1	72	10	208	434	241	c_26	t0_6	-0.159299
BT20	-	1	2	72	0	441	427	241	c_27	t0_6	NaN
BT20	-	1	2	72	0	470	427	241	c_27	t0_6	NaN
BT20	-	1	2	72	0	453	427	241	c_27	t0_6	NaN
BT20	-	1	2	72	0	429	427	241	c_27	t0_6	NaN
BT20	-	1	2	72	0	375	427	241	c_27	t0_6	NaN
BT20	-	1	2	72	0	455	427	241	c_27	t0_6	NaN
BT20	-	1	2	72	0	388	427	241	c_27	t0_6	NaN
BT20	-	1	2	72	0	358	427	241	c_27	t0_6	NaN
BT20	drugA	1	2	72	0.001	389	427	241	c_27	t0_6	0.786395
BT20	drugA	1	2	72	0.003162	433	427	241	c_27	t0_6	1.03411
BT20	drugA	1	2	72	0.01	372	427	241	c_27	t0_6	0.692233
BT20	drugA	1	2	72	0.03162	435	427	241	c_27	t0_6	1.0455
BT20	drugA	1	2	72	0.1	442	427	241	c_27	t0_6	1.08545
BT20	drugA	1	2	72	0.3162	374	427	241	c_27	t0_6	0.703264
BT20	drugA	1	2	72	1	450	427	241	c_27	t0_6	1.13128
BT20	drugA	1	2	72	3.162	324	427	241	c_27	t0_6	0.431374
BT20	drugA	1	2	72	10	293	427	241	c_27	t0_6	0.267138
BT20	drugB	1	2	72	0.001	395	427	241	c_27	t0_6	0.819839
BT20	drugB	1	2	72	0.003162	483	427	241	c_27	t0_6	1.32213
BT20	drugB	1	2	72	0.01	451	427	241	c_27	t0_6	1.13702
BT20	drugB	1	2	72	0.03162	448	427	241	c_27	t0_6	1.11981
BT20	drugB	1	2	72	0.1	387	427	241	c_27	t0_6	0.775271
BT20	drugB	1	2	72	0.3162	513	427	241	c_27	t0_6	1.49804
BT20	drugB	1	2	72	1	423	427	241	c_27	t0_6	0.977319
BT20	drugB	1	2	72	3.162	364	427	241	c_27	t0_6	0.648233
BT20	drugB	1	2	72	10	315	427	241	c_27	t0_6	0.383334
BT20	drugC	1	2	72	0.001	469	427	241	c_27	t0_6	1.24081
BT20	drugC	1	2	72	0.003162	454	427	241	c_27	t0_6	1.15426
BT20	drugC	1	2	72	0.01	430	427	241	c_27	t0_6	1.01704
BT20	drugC	1	2	72	0.03162	339	427	241	c_27	t0_6	0.512067
BT20	drugC	1	2	72	0.1	283	427	241	c_27	t0_6	0.214921
BT20	drugC	1	2	72	0.3162	311	427	241	c_27	t0_6	0.362076
BT20	drugC	1	2	72	1	321	427	241	c_27	t0_6	0.415329
BT20	drugC	1	2	72	3.162	279	427	241	c_27	t0_6	0.194143
BT20	drugC	1	2	72	10	279	427	241	c_27	t0_6	0.194143
BT20	drugD	1	2	72	0.001	464	427	241	c_27	t0_6	1.2119
BT20	drugD	1	2	72	0.003162	349	427	241	c_27	t0_6	0.566287
BT20	drugD	1	2	72	0.01	326	427	241	c_27	t0_6	0.442088
BT20	drugD	1	2	72	0.03162	325	427	241	c_27	t0_6	0.43673
BT20	drugD	1	2	72	0.1	275	427	241	c_27	t0_6	0.173428
BT20	drugD	1	2	72	0.3162	197	427	241	c_27	t0_6	-0.216744
BT20	drugD	1	2	72	1	202	427	241	c_27	t0_6	-0.192589
BT20	drugD	1	2	72	3.162	171	427	241	c_27	t0_6	-0.340199
BT20	drugD	1	2	72	10	188	427	241	c_27	t0_6	-0.259894
BT20	-	1	3	72	0	443	448	241	c_28	t0_6	NaN
BT20	-	1	3	72	0	453	448	241	c_28	t0_6	NaN
BT20	-	1	3	72	0	416	448	241	c_28	t0_6	NaN
BT20	-	1	3	72	0	467	448	241	c_28	t0_6	NaN
BT20	-	1	3	72	0	439	448	241	c_28	t0_6	NaN
BT20	-	1	3	72	0	488	448	241	c_28	t0_6	NaN
BT20	-	1	3	72	0	377	448	241	c_28	t0_6	NaN
BT20	-	1	3	72	0	458	448	241	c_28	t0_6	NaN
BT20	drugA	1	3	72	0.001	507	448	241	c_28	t0_6	1.29667
BT20	drugA	1	3	72	0.003162	441	448	241	c_28	t0_6	0.965095
BT20	drugA	1	3	72	0.01	518	448	241	c_28	t0_6	1.35245
BT20	drugA	1	3	72	0.03162	423	448	241	c_28	t0_6	0.875642
BT20	drugA	1	3	72	0.1	427	448	241	c_28	t0_6	0.895483
BT20	drugA	1	3	72	0.3162	502	448	241	c_28	t0_6	1.27137
BT20	drugA	1	3	72	1	506	448	241	c_28	t0_6	1.29161
BT20	drugA	1	3	72	3.162	458	448	241	c_28	t0_6	1.04998
BT20	drugA	1	3	72	10	342	448	241	c_28	t0_6	0.478918
BT20	drugB	1	3	72	0.001	441	448	241	c_28	t0_6	0.965095
BT20	drugB	1	3	72	0.003162	391	448	241	c_28	t0_6	0.717733
BT20	drugB	1	3	72	0.01	392	448	241	c_28	t0_6	0.722645
BT20	drugB	1	3	72	0.03162	492	448	241	c_28	t0_6	1.22084
BT20	drugB	1	3	72	0.1	537	448	241	c_28	t0_6	1.44913
BT20	drugB	1	3	72	0.3162	505	448	241	c_28	t0_6	1.28655
BT20	drugB	1	3	72	1	430	448	241	c_28	t0_6	0.910377
BT20	drugB	1	3	72	3.162	429	448	241	c_28	t0_6	0.905411
BT20	drugB	1	3	72	10	359	448	241	c_28	t0_6	0.561342
BT20	drugC	1	3	72	0.001	424	448	241	c_28	t0_6	0.8806
BT20	drugC	1	3	72	0.003162	461	448	241	c_28	t0_6	1.06499
BT20	drugC	1	3	72	0.01	403	448	241	c_28	t0_6	0.776777
BT20	drugC	1	3	72	0.03162	431	448	241	c_28	t0_6	0.915345
BT20	drugC	1	3	72	0.1	331	448	241	c_28	t0_6	0.42584
BT20	drugC	1	3	72	0.3162	251	448	241	c_28	t0_6	0.0465017
BT20	drugC	1	3	72	1	294	448	241	c_28	t0_6	0.248867
BT20	drugC	1	3	72	3.162	272	448	241	c_28	t0_6	0.14486
BT20	drugC	1	3	72	10	290	448	241	c_28	t0_6	0.229886
BT20	drugD	1	3	72	0.001	479	448	241	c_28	t0_6	1.15534
BT20	drugD	1	3	72	0.003162	499	448	241	c_28	t0_6	1.2562
BT20	drugD	1	3	72	0.01	353	448	241	c_28	t0_6	0.532197
BT20	drugD	1	3	72	0.03162	351	448	241	c_28	t0_6	0.522495
BT20	drugD	1	3	72	0.1	312	448	241	c_28	t0_6	0.334653
BT20	drugD	1	3	72	0.3162	216	448	241	c_28	t0_6	-0.115241
BT20	drugD	1	3	72	1	175	448	241	c_28	t0_6	-0.300765
BT20	drugD	1	3	72	3.162	199	448	241	c_28	t0_6	-0.192721
BT20	drugD	1	3	72	10	188	448	241	c_28	t0_6	-0.242444
